injury_id,incident_id,employee_id,injury_type,body_part,severity,medical_cost,days_off_work
1,3036,476,烧伤,背部,轻度,3629,4
2,1774,364,压迫伤,脚部,致命,83914,180
3,829,169,压迫伤,膝盖,致命,60219,167
4,3613,180,骨折,手臂,致命,70100,333
5,3210,427,骨折,背部,致命,154169,274
6,466,917,肌肉拉伤,颈椎,致命,77910,239
7,2675,942,中毒,手部,中度,23928,12
8,796,570,肌肉拉伤,肩膀,重度,21061,79
9,2680,66,中毒,胸部,致命,111406,198
10,4000,814,烧伤,手臂,重度,34588,39
11,1999,259,冲击伤,颈椎,重度,78805,68
12,1406,583,割伤,腿部,中度,17461,26
13,3008,779,擦伤,脚部,致命,131738,287
14,3393,905,压迫伤,手部,致命,177262,217
15,3354,790,听力损伤,手部,中度,20450,24
16,621,224,冲击伤,头部,轻度,5797,6
17,835,374,听力损伤,膝盖,中度,5159,39
18,3420,612,听力损伤,手部,轻度,2030,1
19,3295,378,扭伤,腰,中度,23992,26
20,4918,98,冲击伤,背部,轻度,4048,5
21,1619,432,窒息,手部,致命,97406,332
22,800,408,窒息,膝盖,中度,24852,8
23,2017,674,听力损伤,胸部,致命,174511,305
24,2963,756,骨折,颈椎,轻度,4706,4
25,2284,47,擦伤,肩膀,轻度,799,5
26,2016,366,中毒,颈椎,轻度,4689,3
27,4923,760,压迫伤,胸部,轻度,5184,5
28,4589,624,压迫伤,手臂,轻度,1739,4
29,4515,932,中毒,背部,致命,184977,105
30,817,873,割伤,腰,中度,12429,34
31,2396,218,擦伤,眼睛,重度,76909,52
32,1263,464,窒息,腰,轻度,2582,4
33,1643,257,视力损伤,膝盖,致命,95735,248
34,1061,846,中毒,腰,致命,92210,207
35,1202,325,听力损伤,手部,致命,116573,170
36,3543,134,冲击伤,肩膀,中度,19525,22
37,738,531,冲击伤,脚部,致命,154561,133
38,336,590,烧伤,肩膀,重度,53297,107
39,1644,498,视力损伤,腿部,致命,105201,343
40,4725,638,压迫伤,膝盖,致命,123253,211
41,1667,913,割伤,腿部,重度,46228,101
42,3072,158,肌肉拉伤,眼睛,重度,30638,66
43,3647,775,听力损伤,腰,轻度,1061,1
44,2579,791,窒息,眼睛,致命,190029,245
45,3578,429,中毒,头部,轻度,1165,0
46,4142,130,冲击伤,颈椎,重度,58019,39
47,4694,388,肌肉拉伤,胸部,重度,78345,111
48,384,416,听力损伤,脚部,致命,167905,365
49,3255,425,骨折,眼睛,重度,40671,107
50,4498,478,肌肉拉伤,腰,重度,39970,94
51,4885,758,扭伤,手部,重度,43376,71
52,2462,621,扭伤,腰,重度,62362,38
53,3680,572,压迫伤,腰,重度,23761,54
54,2223,549,窒息,头部,致命,61708,311
55,3968,858,肌肉拉伤,颈椎,中度,17454,40
56,4627,205,视力损伤,腰,中度,12078,45
57,2153,443,割伤,手臂,中度,13462,29
58,223,90,中毒,手臂,重度,36756,44
59,3742,248,冲击伤,腿部,致命,190417,331
60,568,594,冲击伤,腿部,轻度,2768,2
61,1165,80,扭伤,眼睛,轻度,5277,5
62,3053,566,中毒,肩膀,致命,152402,217
63,2912,404,割伤,手部,重度,40479,92
64,2512,996,视力损伤,手臂,轻度,3585,6
65,3837,182,压迫伤,膝盖,中度,24854,40
66,156,888,视力损伤,腰,轻度,1654,7
67,1030,886,扭伤,手部,轻度,5648,8
68,4841,695,窒息,手臂,中度,24339,16
69,597,654,烧伤,肩膀,中度,21551,36
70,1488,308,擦伤,颈椎,致命,149798,231
71,4282,858,中毒,腰,致命,102441,283
72,4453,675,割伤,胸部,轻度,5174,9
73,3738,670,擦伤,头部,致命,131615,365
74,3203,47,烧伤,膝盖,轻度,3435,3
75,2769,581,扭伤,头部,重度,44235,31
76,3460,888,擦伤,脚部,致命,55796,176
77,4970,351,擦伤,肩膀,重度,23637,118
78,3372,444,窒息,腿部,轻度,519,1
79,3810,212,擦伤,膝盖,重度,59765,50
80,2212,148,割伤,手部,轻度,5446,2
81,636,49,视力损伤,手部,轻度,4005,1
82,3098,369,视力损伤,腰,轻度,1553,2
83,4727,897,视力损伤,头部,致命,196658,145
84,4932,940,肌肉拉伤,手部,轻度,5146,4
85,3631,504,视力损伤,胸部,轻度,998,9
86,3974,653,骨折,肩膀,重度,61776,83
87,1229,277,窒息,颈椎,中度,23540,12
88,1826,927,扭伤,颈椎,重度,37327,95
89,3479,273,割伤,腿部,致命,175659,165
90,507,46,擦伤,手部,轻度,825,6
91,3316,550,听力损伤,膝盖,致命,187158,143
92,784,124,骨折,颈椎,中度,10337,16
93,173,335,擦伤,手臂,重度,71151,77
94,4333,127,烧伤,脚部,重度,68796,44
95,4370,450,骨折,腰,重度,45829,84
96,1506,579,烧伤,手部,重度,45568,81
97,2267,24,骨折,腰,中度,23949,38
98,3721,73,烧伤,肩膀,中度,5893,36
99,1903,668,割伤,手部,轻度,4814,5
100,4330,65,中毒,胸部,重度,21466,92
101,71,656,骨折,眼睛,重度,37647,78
102,3209,66,骨折,脚部,重度,31851,69
103,2170,113,冲击伤,胸部,中度,16815,7
104,4867,789,擦伤,膝盖,轻度,728,6
105,3119,543,割伤,胸部,重度,65997,96
106,929,854,中毒,腿部,致命,172111,211
107,462,67,冲击伤,手臂,中度,5005,13
108,168,995,中毒,头部,重度,54412,92
109,2256,301,中毒,头部,中度,8201,30
110,2575,193,视力损伤,手部,致命,131940,133
111,4621,843,窒息,背部,中度,21592,18
112,3382,2,割伤,头部,中度,12520,42
113,1991,80,烧伤,肩膀,重度,69253,89
114,189,602,压迫伤,腰,重度,56934,101
115,4457,892,割伤,肩膀,中度,6412,14
116,162,130,骨折,手部,致命,196333,331
117,2399,605,视力损伤,脚部,重度,21422,107
118,4481,713,冲击伤,眼睛,重度,56863,46
119,2809,697,中毒,颈椎,重度,48612,112
120,3874,625,冲击伤,肩膀,致命,117706,201
121,104,342,烧伤,膝盖,重度,75378,117
122,3090,541,骨折,手臂,重度,38938,40
123,3179,947,肌肉拉伤,肩膀,致命,182908,301
124,914,857,压迫伤,胸部,轻度,881,10
125,2334,465,割伤,脚部,中度,11537,29
126,3152,970,窒息,手臂,致命,57795,281
127,976,787,视力损伤,手臂,致命,82607,312
128,4526,500,冲击伤,眼睛,轻度,885,0
129,4119,980,烧伤,膝盖,中度,9697,15
130,2305,9,骨折,膝盖,轻度,1871,3
131,3228,202,烧伤,颈椎,轻度,2399,1
132,1326,380,中毒,颈椎,致命,192693,275
133,1257,795,窒息,腿部,重度,59590,101
134,345,794,视力损伤,头部,中度,11487,10
135,3111,297,擦伤,头部,致命,150991,306
136,1356,868,肌肉拉伤,胸部,轻度,3427,0
137,4566,834,肌肉拉伤,脚部,致命,177468,195
138,1047,706,骨折,腿部,轻度,3061,4
139,3089,817,骨折,脚部,轻度,2260,7
140,867,602,视力损伤,膝盖,轻度,5101,5
141,3494,552,视力损伤,头部,致命,127829,259
142,3502,116,听力损伤,眼睛,重度,52940,32
143,3428,861,中毒,腰,重度,32378,53
144,2518,206,肌肉拉伤,腿部,轻度,3490,2
145,3932,424,中毒,头部,中度,19996,33
146,4692,622,肌肉拉伤,腰,致命,57448,335
147,3859,245,烧伤,手臂,重度,78450,59
148,3313,929,烧伤,脚部,中度,16509,41
149,1160,187,冲击伤,胸部,轻度,2009,10
150,494,561,烧伤,腰,重度,52357,111
151,146,868,听力损伤,眼睛,致命,90203,265
152,3463,879,视力损伤,颈椎,轻度,3152,3
153,3820,395,窒息,腰,重度,54087,56
154,1188,936,听力损伤,腿部,中度,5017,38
155,1128,875,肌肉拉伤,眼睛,中度,24981,34
156,322,814,压迫伤,肩膀,重度,36086,56
157,194,789,擦伤,腿部,轻度,5604,7
158,115,633,割伤,胸部,轻度,3796,3
159,603,380,肌肉拉伤,手部,轻度,1836,5
160,1321,785,烧伤,腰,中度,10158,28
161,2823,778,烧伤,胸部,轻度,2119,8
162,4801,949,扭伤,胸部,致命,96007,168
163,3618,92,压迫伤,膝盖,中度,24230,42
164,3030,817,割伤,手部,轻度,5522,1
165,678,324,中毒,腿部,中度,21116,24
166,2336,111,骨折,颈椎,致命,145706,171
167,2177,321,视力损伤,头部,重度,51667,69
168,2423,281,听力损伤,胸部,致命,95985,356
169,3525,370,擦伤,肩膀,重度,73616,71
170,718,911,擦伤,头部,中度,24175,12
171,3911,449,骨折,头部,轻度,3961,8
172,3858,432,烧伤,膝盖,中度,15318,44
173,4668,316,冲击伤,胸部,致命,59794,354
174,2228,642,割伤,手臂,中度,12762,7
175,297,343,窒息,手臂,致命,146129,145
176,1373,87,视力损伤,肩膀,致命,52626,311
177,1124,915,肌肉拉伤,腰,重度,67306,107
178,4958,448,中毒,膝盖,中度,12329,21
179,830,804,窒息,头部,重度,47761,49
180,3784,618,冲击伤,头部,中度,21873,11
181,4412,40,窒息,背部,中度,9523,20
182,4702,17,听力损伤,颈椎,中度,7120,24
183,4385,114,割伤,背部,轻度,3189,0
184,3289,613,扭伤,脚部,中度,9740,23
185,1547,873,骨折,腰,致命,106840,201
186,2586,317,窒息,手臂,轻度,5169,1
187,1414,336,中毒,肩膀,轻度,4839,7
188,2148,169,擦伤,颈椎,中度,10999,42
189,917,316,中毒,腰,中度,7573,41
190,4272,603,肌肉拉伤,腰,致命,155291,178
191,1685,127,擦伤,腿部,重度,74419,95
192,2346,740,擦伤,腿部,中度,17402,13
193,3902,348,视力损伤,手部,致命,180556,214
194,639,448,擦伤,胸部,中度,6933,8
195,4828,184,扭伤,手臂,致命,80661,305
196,949,403,烧伤,胸部,重度,44824,56
197,850,478,压迫伤,手臂,重度,74922,88
198,4090,54,中毒,头部,轻度,2179,8
199,1130,676,压迫伤,颈椎,中度,7358,33
200,2529,124,烧伤,腿部,重度,75043,102
201,3078,130,视力损伤,手部,重度,29326,120
202,465,941,视力损伤,背部,轻度,3583,4
203,3282,685,扭伤,手部,致命,120096,99
204,3789,522,压迫伤,背部,轻度,2515,6
205,1105,200,压迫伤,胸部,中度,20237,39
206,212,508,骨折,颈椎,重度,36533,47
207,3484,194,冲击伤,背部,中度,23627,21
208,4390,956,视力损伤,手臂,中度,17008,9
209,3705,182,擦伤,背部,中度,18454,21
210,584,206,视力损伤,眼睛,致命,102583,316
211,2812,34,窒息,手臂,轻度,3844,7
212,4200,303,擦伤,背部,轻度,1887,6
213,891,279,压迫伤,脚部,轻度,3929,0
214,1541,978,视力损伤,头部,轻度,3399,4
215,4014,669,骨折,颈椎,重度,40321,40
216,3560,811,烧伤,肩膀,轻度,5996,9
217,4939,230,擦伤,胸部,重度,46703,57
218,4267,383,压迫伤,胸部,中度,19843,24
219,276,573,扭伤,腰,致命,176685,188
220,4826,96,压迫伤,肩膀,致命,77858,341
221,1778,792,压迫伤,胸部,致命,192714,133
222,4290,409,压迫伤,眼睛,轻度,1482,2
223,916,40,视力损伤,腿部,轻度,1501,10
224,2793,118,烧伤,腰,轻度,1580,6
225,273,911,窒息,脚部,中度,22737,26
226,35,620,肌肉拉伤,颈椎,中度,8739,8
227,3235,46,压迫伤,腰,致命,93463,345
228,2754,596,骨折,手臂,轻度,2712,4
229,2967,723,中毒,背部,轻度,1439,10
230,2302,389,窒息,手臂,致命,166080,237
231,2378,511,听力损伤,脚部,重度,57176,43
232,4467,826,窒息,颈椎,轻度,5503,8
233,1360,839,擦伤,背部,重度,64047,52
234,3914,892,窒息,颈椎,致命,85788,171
235,52,410,肌肉拉伤,背部,中度,11095,30
236,1924,775,擦伤,头部,中度,18022,30
237,1191,302,扭伤,头部,重度,50188,115
238,191,868,冲击伤,脚部,致命,144755,186
239,1376,174,中毒,眼睛,轻度,4353,5
240,936,892,肌肉拉伤,膝盖,重度,43324,78
241,882,15,擦伤,胸部,轻度,1804,7
242,3951,946,听力损伤,胸部,重度,46169,94
243,1600,28,肌肉拉伤,背部,中度,23709,19
244,1111,756,擦伤,手部,致命,194544,316
245,772,906,冲击伤,膝盖,致命,117549,149
246,1657,405,压迫伤,手部,中度,24702,23
247,2187,512,视力损伤,手部,致命,89331,177
248,4220,275,冲击伤,腿部,重度,45429,91
249,1050,69,烧伤,肩膀,致命,173498,334
250,2898,130,扭伤,眼睛,中度,16922,9
251,2154,797,烧伤,膝盖,致命,53928,213
252,4110,942,扭伤,腰,轻度,5388,3
253,1242,750,窒息,腿部,轻度,5695,1
254,938,79,视力损伤,腿部,中度,14537,29
255,3222,655,窒息,头部,中度,23064,38
256,3240,919,烧伤,肩膀,轻度,870,8
257,4833,49,擦伤,腰,重度,39629,94
258,3487,108,肌肉拉伤,头部,轻度,2079,9
259,2771,200,扭伤,脚部,轻度,943,5
260,1346,826,肌肉拉伤,眼睛,轻度,5767,1
261,2456,763,扭伤,眼睛,轻度,5700,2
262,1546,770,压迫伤,背部,重度,65825,39
263,3589,729,擦伤,眼睛,重度,49885,44
264,298,99,中毒,眼睛,中度,22930,31
265,3465,840,烧伤,胸部,轻度,2750,3
266,2072,542,中毒,手部,中度,13876,19
267,900,829,冲击伤,肩膀,轻度,3133,5
268,1839,11,压迫伤,颈椎,中度,12592,38
269,1773,305,中毒,腿部,重度,24507,89
270,1218,678,烧伤,胸部,轻度,3822,8
271,2461,115,冲击伤,手臂,致命,199589,93
272,2222,935,肌肉拉伤,膝盖,重度,57531,81
273,3063,289,窒息,腿部,轻度,4606,5
274,2840,700,扭伤,腰,中度,21947,39
275,4875,339,冲击伤,腿部,轻度,5058,5
276,4858,238,割伤,肩膀,中度,17488,36
277,4506,749,擦伤,膝盖,致命,146431,135
278,1792,254,割伤,腿部,重度,45841,40
279,3677,232,割伤,肩膀,致命,60835,155
280,1595,782,肌肉拉伤,头部,中度,15902,29
281,2181,650,窒息,手部,轻度,3404,9
282,1574,889,冲击伤,腰,轻度,5196,10
283,3009,503,擦伤,手臂,致命,148362,315
284,580,214,中毒,眼睛,轻度,5121,0
285,4630,769,扭伤,背部,重度,22490,104
286,1843,99,冲击伤,颈椎,重度,53772,56
287,155,622,扭伤,手部,中度,18546,18
288,1607,271,中毒,腰,重度,73954,72
289,3102,237,听力损伤,背部,轻度,4940,0
290,4358,187,视力损伤,膝盖,轻度,4228,5
291,443,355,烧伤,背部,致命,54030,94
292,3192,810,扭伤,脚部,致命,126472,268
293,4651,588,擦伤,腰,轻度,3669,10
294,1491,803,扭伤,腿部,中度,10675,36
295,2709,766,中毒,膝盖,轻度,1025,0
296,878,124,窒息,膝盖,致命,177132,352
297,4784,383,割伤,颈椎,中度,8153,29
298,1695,308,冲击伤,颈椎,中度,23692,23
299,666,573,压迫伤,眼睛,中度,18387,25
300,3862,29,冲击伤,头部,致命,147656,102
301,3845,506,扭伤,膝盖,中度,8076,13
302,3326,529,擦伤,眼睛,致命,50622,303
303,1851,282,骨折,腰,重度,76629,30
304,1872,956,听力损伤,颈椎,轻度,2127,7
305,4807,220,压迫伤,头部,致命,139776,192
306,4670,951,压迫伤,腿部,重度,71908,64
307,4967,816,烧伤,手臂,中度,7133,35
308,1416,410,扭伤,颈椎,致命,173758,310
309,3391,947,肌肉拉伤,膝盖,轻度,3466,4
310,4500,161,压迫伤,眼睛,轻度,2807,8
311,3850,410,冲击伤,脚部,重度,32134,40
312,819,655,视力损伤,头部,中度,17725,45
313,4323,899,冲击伤,脚部,致命,186628,193
314,874,782,烧伤,手部,致命,57351,111
315,3787,527,窒息,膝盖,致命,188171,228
316,2221,527,中毒,膝盖,致命,138410,143
317,3687,527,冲击伤,手臂,轻度,4308,4
318,4087,960,擦伤,颈椎,轻度,1122,3
319,147,761,烧伤,颈椎,中度,8408,7
320,1944,943,窒息,膝盖,中度,12096,43
321,2628,961,中毒,手臂,致命,137573,206
322,23,744,中毒,腰,重度,46624,111
323,4913,181,肌肉拉伤,脚部,重度,56185,95
324,3108,879,压迫伤,膝盖,致命,100386,267
325,2121,256,中毒,背部,致命,167995,255
326,1475,848,窒息,胸部,中度,19634,33
327,1057,624,视力损伤,颈椎,致命,169387,348
328,165,375,扭伤,腿部,轻度,5631,3
329,1529,252,扭伤,膝盖,重度,20062,46
330,1468,558,割伤,脚部,轻度,1087,9
331,3218,611,压迫伤,脚部,致命,119275,93
332,4445,478,肌肉拉伤,眼睛,轻度,3477,2
333,4091,568,扭伤,肩膀,致命,68501,184
334,2155,917,冲击伤,手部,重度,34338,90
335,4934,946,压迫伤,手臂,致命,72613,149
336,3308,322,中毒,眼睛,中度,18868,13
337,3379,598,中毒,背部,轻度,831,10
338,3410,828,肌肉拉伤,胸部,轻度,1189,6
339,776,963,中毒,手部,轻度,981,7
340,4071,932,擦伤,肩膀,重度,30022,86
341,853,237,烧伤,颈椎,致命,113069,341
342,1654,25,冲击伤,膝盖,中度,11176,15
343,1845,74,窒息,膝盖,重度,35497,115
344,2375,910,窒息,头部,致命,134823,167
345,3826,419,压迫伤,手臂,轻度,1123,2
346,3759,753,冲击伤,腰,轻度,621,10
347,62,399,肌肉拉伤,手臂,中度,6351,28
348,47,904,肌肉拉伤,腿部,轻度,901,1
349,4848,771,骨折,肩膀,致命,90693,194
350,512,118,骨折,膝盖,致命,142380,357
351,444,193,扭伤,眼睛,致命,94688,117
352,1508,219,擦伤,肩膀,重度,79873,98
353,3997,584,听力损伤,眼睛,重度,59511,42
354,1179,505,烧伤,眼睛,轻度,3653,2
355,2969,292,烧伤,膝盖,轻度,1421,9
356,1842,172,擦伤,手部,中度,13211,19
357,233,991,中毒,脚部,中度,20169,22
358,1925,176,肌肉拉伤,脚部,轻度,3624,9
359,1338,722,冲击伤,腿部,轻度,1152,3
360,2860,363,骨折,头部,中度,13000,29
361,2983,391,扭伤,颈椎,轻度,5628,1
362,4454,337,中毒,手部,重度,34301,32
363,31,180,肌肉拉伤,眼睛,重度,61136,72
364,1934,409,肌肉拉伤,胸部,中度,23976,17
365,2899,363,肌肉拉伤,眼睛,致命,157955,116
366,2329,916,扭伤,胸部,轻度,4799,10
367,1317,697,压迫伤,膝盖,重度,76298,110
368,3068,831,压迫伤,肩膀,中度,20872,35
369,3026,76,扭伤,脚部,中度,14490,23
370,3443,752,烧伤,肩膀,轻度,2979,5
371,4210,747,听力损伤,眼睛,轻度,4482,9
372,1539,990,擦伤,肩膀,中度,22319,35
373,128,19,肌肉拉伤,头部,中度,17133,28
374,2609,495,骨折,眼睛,致命,181622,228
375,363,482,冲击伤,颈椎,致命,128452,320
376,4978,800,窒息,眼睛,重度,64071,105
377,3513,143,扭伤,肩膀,中度,19352,31
378,4736,75,擦伤,腰,重度,66986,80
379,2603,502,冲击伤,眼睛,轻度,4788,2
380,644,490,压迫伤,膝盖,重度,57190,77
381,1865,858,中毒,胸部,致命,134055,225
382,4342,642,视力损伤,眼睛,中度,10706,35
383,948,867,烧伤,背部,轻度,4777,0
384,4046,437,扭伤,胸部,中度,24951,27
385,1240,173,骨折,膝盖,中度,7185,15
386,1219,373,冲击伤,胸部,致命,63821,333
387,2707,500,骨折,腰,轻度,2633,2
388,1031,424,割伤,手部,轻度,1026,2
389,1512,122,听力损伤,腰,重度,23622,70
390,2951,625,割伤,膝盖,轻度,892,10
391,371,196,扭伤,腿部,重度,43615,44
392,346,597,冲击伤,脚部,致命,68420,266
393,2019,445,中毒,脚部,中度,21509,18
394,1158,686,冲击伤,肩膀,致命,112008,252
395,2743,611,冲击伤,腿部,轻度,4646,4
396,806,108,中毒,脚部,致命,142337,134
397,3764,523,烧伤,肩膀,中度,13879,28
398,768,272,窒息,脚部,轻度,3850,9
399,3421,962,肌肉拉伤,脚部,中度,14139,12
400,7,253,视力损伤,肩膀,轻度,5933,1
401,795,670,扭伤,颈椎,致命,120945,162
402,197,38,割伤,颈椎,轻度,952,1
403,1558,9,视力损伤,手臂,致命,86967,269
404,1238,573,割伤,颈椎,轻度,3047,7
405,3863,587,肌肉拉伤,颈椎,轻度,3266,6
406,2704,335,骨折,腿部,中度,10019,38
407,3126,882,肌肉拉伤,肩膀,轻度,2586,4
408,2976,534,视力损伤,脚部,轻度,5338,8
409,2752,681,割伤,手部,轻度,2727,7
410,791,386,烧伤,膝盖,致命,171881,324
411,4102,959,扭伤,手部,重度,21668,114
412,379,624,冲击伤,头部,中度,24854,39
413,2219,916,割伤,手部,重度,54277,62
414,4676,109,冲击伤,背部,致命,193062,337
415,1095,624,骨折,腰,重度,79649,79
416,1299,920,中毒,胸部,重度,27717,39
417,4838,391,肌肉拉伤,胸部,致命,121776,264
418,3610,391,骨折,颈椎,轻度,1873,8
419,2689,407,听力损伤,膝盖,重度,39458,51
420,3140,191,视力损伤,腿部,中度,10752,38
421,2159,220,视力损伤,腿部,重度,44721,45
422,1997,550,烧伤,腿部,中度,5716,29
423,2073,921,擦伤,脚部,致命,148430,353
424,3035,200,擦伤,手臂,中度,14325,17
425,4319,575,视力损伤,颈椎,中度,20864,7
426,2936,723,压迫伤,背部,重度,52844,57
427,3526,886,擦伤,肩膀,轻度,3232,1
428,3385,128,肌肉拉伤,肩膀,轻度,1836,3
429,4311,561,窒息,腰,重度,56498,37
430,531,886,压迫伤,眼睛,中度,18727,24
431,1492,790,视力损伤,眼睛,致命,133034,214
432,1007,90,擦伤,手部,中度,23213,25
433,2875,265,窒息,头部,致命,76264,279
434,4550,13,割伤,背部,致命,184980,306
435,1682,712,烧伤,头部,致命,85876,190
436,2493,920,烧伤,腰,重度,26650,98
437,141,715,中毒,手部,致命,102860,282
438,3590,991,割伤,颈椎,重度,42655,37
439,3636,708,骨折,肩膀,轻度,4121,2
440,3514,56,擦伤,手部,致命,155917,296
441,805,79,肌肉拉伤,颈椎,重度,40952,49
442,2014,164,听力损伤,眼睛,致命,178711,223
443,3495,97,视力损伤,手臂,中度,16434,36
444,250,209,中毒,腿部,重度,31563,77
445,827,800,骨折,颈椎,中度,7355,16
446,2067,412,中毒,腿部,中度,15706,31
447,4006,20,扭伤,背部,重度,60516,109
448,4812,352,中毒,肩膀,致命,63494,221
449,82,685,扭伤,手臂,重度,30998,63
450,4714,51,割伤,腰,重度,36225,83
451,370,211,肌肉拉伤,手臂,轻度,2880,3
452,569,964,烧伤,手臂,重度,20270,42
453,781,858,压迫伤,手臂,致命,82996,265
454,22,222,擦伤,胸部,重度,29435,62
455,2371,136,冲击伤,眼睛,重度,50252,117
456,3,393,听力损伤,脚部,致命,79588,190
457,487,420,中毒,腿部,致命,174944,347
458,1305,119,擦伤,眼睛,致命,119239,124
459,1958,466,扭伤,脚部,重度,73864,48
460,1911,97,烧伤,手臂,重度,30561,58
461,358,200,扭伤,手部,致命,60978,253
462,2713,425,肌肉拉伤,手部,中度,16184,26
463,4748,527,压迫伤,脚部,轻度,4015,3
464,1400,38,压迫伤,眼睛,轻度,3434,9
465,978,38,窒息,头部,重度,63460,100
466,1275,798,骨折,脚部,致命,95142,179
467,1743,935,扭伤,头部,致命,148891,317
468,2870,546,听力损伤,眼睛,重度,57919,91
469,2633,522,擦伤,腿部,中度,12844,42
470,4452,375,窒息,胸部,重度,69812,100
471,4072,675,听力损伤,眼睛,中度,23444,27
472,4153,181,肌肉拉伤,肩膀,中度,10603,12
473,3561,522,压迫伤,肩膀,重度,69884,45
474,3429,812,烧伤,膝盖,重度,66579,65
475,714,286,割伤,脚部,致命,53436,323
476,1253,217,烧伤,腰,中度,21988,23
477,60,518,中毒,头部,轻度,915,7
478,968,741,冲击伤,脚部,致命,124705,120
479,3333,890,窒息,膝盖,轻度,863,5
480,32,711,扭伤,眼睛,中度,18680,10
481,2193,972,窒息,膝盖,致命,125176,364
482,3347,689,中毒,肩膀,中度,21632,44
483,898,204,冲击伤,腰,重度,62770,47
484,1306,277,烧伤,肩膀,重度,65541,35
485,4193,17,肌肉拉伤,脚部,致命,77498,263
486,4183,223,擦伤,颈椎,轻度,5428,8
487,2129,323,中毒,腿部,重度,76163,94
488,68,798,冲击伤,头部,中度,9351,16
489,311,615,窒息,手臂,轻度,3483,8
490,3055,402,压迫伤,腿部,轻度,3928,3
491,1782,3,扭伤,膝盖,致命,154143,105
492,4501,489,窒息,腰,致命,101411,349
493,1181,667,中毒,颈椎,致命,179369,292
494,3032,172,割伤,腿部,致命,70164,201
495,2258,318,割伤,手部,重度,70041,59
496,1939,280,冲击伤,手臂,中度,15384,44
497,2031,331,割伤,眼睛,重度,28804,111
498,533,394,窒息,腰,中度,21126,40
499,39,316,中毒,手臂,中度,21110,12
500,445,255,冲击伤,肩膀,轻度,3727,0
501,3922,551,烧伤,手部,致命,124279,161
502,1552,724,窒息,腿部,重度,26898,87
503,1982,410,中毒,手臂,轻度,3039,8
504,825,118,骨折,肩膀,中度,19969,34
505,3754,612,烧伤,背部,重度,47008,62
506,1917,692,扭伤,膝盖,重度,45069,52
507,3364,622,烧伤,眼睛,重度,38475,44
508,3370,585,肌肉拉伤,眼睛,中度,7254,32
509,501,192,扭伤,背部,重度,67457,114
510,2268,462,冲击伤,背部,致命,136833,92
511,1855,304,冲击伤,脚部,轻度,2214,1
512,1514,496,割伤,肩膀,轻度,3301,1
513,4643,379,压迫伤,手臂,轻度,2491,9
514,3707,183,肌肉拉伤,手部,重度,42017,31
515,1322,120,扭伤,头部,致命,159920,244
516,455,373,烧伤,头部,致命,177894,333
517,2846,564,擦伤,脚部,致命,89394,283
518,2350,445,骨折,腿部,中度,8617,18
519,3449,228,擦伤,头部,致命,198336,336
520,1127,611,窒息,头部,致命,176308,210
521,2430,364,视力损伤,眼睛,轻度,2338,10
522,4980,982,烧伤,眼睛,重度,45518,36
523,3110,995,中毒,颈椎,中度,9393,28
524,386,93,骨折,肩膀,轻度,4169,1
525,2556,494,肌肉拉伤,背部,中度,18106,31
526,1739,95,中毒,腰,轻度,2358,2
527,2569,178,割伤,腿部,轻度,1107,9
528,2918,75,窒息,眼睛,中度,17879,43
529,4103,842,割伤,肩膀,轻度,4129,6
530,780,882,中毒,颈椎,重度,29240,119
531,2927,820,中毒,脚部,致命,170752,282
532,2057,998,中毒,肩膀,重度,66984,64
533,1454,21,擦伤,胸部,轻度,1234,5
534,1902,956,压迫伤,手部,致命,77771,236
535,1831,945,割伤,头部,重度,37429,107
536,1742,471,烧伤,手部,致命,158747,202
537,1510,459,扭伤,胸部,轻度,2608,0
538,3312,945,割伤,手部,致命,58920,196
539,790,362,中毒,腰,轻度,2443,2
540,4776,678,压迫伤,颈椎,致命,77730,239
541,2451,610,扭伤,手部,重度,74180,60
542,1720,467,肌肉拉伤,手部,轻度,2316,10
543,4285,63,割伤,脚部,中度,16449,27
544,3882,608,烧伤,手部,重度,70108,67
545,4378,8,窒息,肩膀,中度,8914,14
546,1450,775,听力损伤,头部,中度,6642,7
547,4084,2,压迫伤,膝盖,致命,158796,107
548,1292,440,冲击伤,膝盖,轻度,3201,2
549,4085,456,扭伤,眼睛,中度,24078,10
550,4351,782,冲击伤,膝盖,中度,19328,18
551,590,851,擦伤,腰,重度,72803,91
552,2487,207,视力损伤,肩膀,中度,7812,39
553,2372,159,冲击伤,颈椎,轻度,5947,7
554,2384,257,中毒,腿部,中度,16500,17
555,3775,590,视力损伤,腿部,重度,64289,81
556,1153,473,压迫伤,肩膀,致命,79449,331
557,1669,439,割伤,脚部,重度,77671,40
558,3818,503,中毒,腿部,中度,24090,17
559,503,31,擦伤,手部,致命,94652,273
560,303,66,中毒,膝盖,中度,14455,25
561,2011,387,割伤,胸部,轻度,504,0
562,2078,66,冲击伤,背部,重度,74383,44
563,2136,139,割伤,手臂,中度,12169,42
564,2460,721,窒息,腿部,致命,164148,116
565,4834,337,视力损伤,头部,致命,141381,252
566,2657,220,肌肉拉伤,头部,致命,111820,235
567,161,839,中毒,头部,致命,159959,274
568,1228,398,中毒,背部,中度,16306,21
569,3371,509,割伤,手臂,致命,63614,180
570,1598,793,压迫伤,颈椎,轻度,1520,8
571,2034,582,烧伤,背部,轻度,5563,6
572,3963,339,冲击伤,脚部,重度,61194,96
573,582,373,肌肉拉伤,手部,中度,14484,7
574,4466,559,中毒,眼睛,重度,26456,72
575,1725,83,肌肉拉伤,头部,轻度,2182,0
576,4204,992,扭伤,脚部,轻度,674,6
577,263,852,视力损伤,膝盖,轻度,1400,3
578,3052,893,肌肉拉伤,颈椎,中度,14584,26
579,2910,664,肌肉拉伤,胸部,致命,176300,241
580,4699,833,压迫伤,手臂,致命,83301,119
581,3046,142,肌肉拉伤,胸部,轻度,4653,10
582,3196,351,割伤,眼睛,重度,65633,104
583,2184,799,骨折,腰,重度,32168,93
584,1875,667,中毒,膝盖,中度,8803,25
585,3199,638,骨折,背部,中度,11834,23
586,2930,849,视力损伤,颈椎,轻度,2787,7
587,198,80,骨折,眼睛,致命,121632,344
588,4713,745,骨折,胸部,重度,63809,99
589,771,116,割伤,膝盖,轻度,2025,3
590,4619,559,压迫伤,背部,中度,20838,14
591,2712,877,烧伤,手臂,重度,56033,116
592,2227,150,冲击伤,胸部,重度,47640,93
593,4704,744,视力损伤,手臂,致命,106386,176
594,3641,641,擦伤,肩膀,轻度,1801,8
595,542,977,冲击伤,膝盖,致命,148378,184
596,3557,97,压迫伤,胸部,轻度,5079,4
597,1133,297,中毒,手部,致命,138567,219
598,433,229,冲击伤,腿部,致命,195569,145
599,990,85,骨折,眼睛,致命,142268,124
600,2705,230,窒息,手臂,重度,30116,84
601,1075,963,擦伤,膝盖,致命,171198,111
602,3762,275,听力损伤,腿部,中度,8924,37
603,1180,324,中毒,膝盖,轻度,2031,5
604,1490,683,视力损伤,手部,致命,80554,118
605,3388,320,压迫伤,肩膀,致命,77254,242
606,4640,133,中毒,胸部,致命,198166,315
607,4877,187,冲击伤,腿部,致命,173821,219
608,1769,882,中毒,腰,致命,144696,98
609,2600,752,压迫伤,眼睛,轻度,3628,10
610,608,175,冲击伤,眼睛,重度,69075,74
611,889,139,割伤,胸部,轻度,3307,8
612,4661,354,烧伤,背部,重度,73786,48
613,3884,379,听力损伤,肩膀,重度,36104,102
614,3551,513,压迫伤,腰,轻度,1097,6
615,1968,390,压迫伤,背部,重度,45936,97
616,618,551,中毒,腰,中度,14271,44
617,3001,786,肌肉拉伤,背部,中度,20663,20
618,1182,470,压迫伤,腿部,致命,163968,117
619,248,694,视力损伤,腰,重度,42919,41
620,151,596,听力损伤,脚部,重度,65694,58
621,2739,359,冲击伤,腰,中度,9462,28
622,2795,55,割伤,眼睛,中度,23364,31
623,635,703,压迫伤,脚部,轻度,2096,2
624,2194,177,割伤,膝盖,致命,101424,250
625,2498,865,扭伤,眼睛,重度,47710,85
626,4637,38,肌肉拉伤,腿部,中度,9092,43
627,561,753,中毒,腿部,中度,9416,44
628,1377,146,听力损伤,腿部,重度,67929,56
629,2126,669,肌肉拉伤,手部,致命,54742,93
630,290,133,中毒,腰,重度,73085,35
631,2865,174,视力损伤,脚部,致命,198366,113
632,1534,536,听力损伤,腿部,重度,78163,34
633,139,708,中毒,膝盖,轻度,4797,5
634,4147,764,冲击伤,颈椎,中度,6073,21
635,3937,484,肌肉拉伤,手部,致命,53011,237
636,596,293,割伤,背部,重度,55162,94
637,1298,625,压迫伤,腰,中度,24501,28
638,4653,331,擦伤,背部,中度,15656,36
639,4278,159,听力损伤,手臂,致命,98265,113
640,4259,116,中毒,手部,中度,7818,8
641,328,833,听力损伤,腰,中度,8398,11
642,4438,806,听力损伤,腰,致命,148874,323
643,537,47,窒息,膝盖,轻度,5091,9
644,4605,137,擦伤,眼睛,重度,62980,107
645,2297,987,肌肉拉伤,腰,重度,23054,36
646,2180,38,中毒,肩膀,中度,5161,16
647,615,435,扭伤,背部,轻度,4618,0
648,1024,849,割伤,眼睛,中度,15615,31
649,870,215,烧伤,腿部,轻度,2490,6
650,3642,52,烧伤,背部,重度,53160,56
651,1164,333,视力损伤,胸部,重度,31041,81
652,1163,64,割伤,肩膀,重度,25791,105
653,3325,845,割伤,腿部,重度,79618,113
654,1674,328,中毒,颈椎,致命,152478,136
655,2324,462,视力损伤,头部,轻度,5363,3
656,2587,466,烧伤,背部,轻度,4033,0
657,4529,897,窒息,腿部,致命,61371,199
658,1605,363,骨折,肩膀,重度,67728,113
659,2503,44,骨折,眼睛,轻度,4428,7
660,241,858,视力损伤,脚部,致命,168670,350
661,1119,833,擦伤,背部,中度,17651,17
662,211,562,扭伤,脚部,重度,40779,39
663,3033,2,烧伤,腰,致命,69738,329
664,3954,388,听力损伤,脚部,致命,82241,184
665,342,894,冲击伤,眼睛,致命,61759,99
666,681,417,听力损伤,手臂,中度,18536,23
667,2442,868,中毒,膝盖,致命,193164,335
668,1747,810,听力损伤,手部,致命,58553,266
669,2537,351,骨折,眼睛,轻度,1132,0
670,2440,341,割伤,颈椎,重度,47247,74
671,1259,450,听力损伤,颈椎,致命,103729,208
672,2814,536,擦伤,肩膀,轻度,4082,6
673,2175,913,扭伤,手部,轻度,4596,7
674,4460,305,烧伤,头部,重度,60491,61
675,3081,357,冲击伤,手部,轻度,2152,2
676,396,276,割伤,肩膀,致命,62014,102
677,1008,767,压迫伤,肩膀,中度,7426,7
678,2998,473,擦伤,手部,中度,20364,33
679,1426,393,烧伤,膝盖,致命,187849,351
680,1285,9,扭伤,眼睛,中度,15917,36
681,859,563,割伤,腿部,致命,109199,284
682,4534,614,扭伤,颈椎,重度,68759,113
683,3657,704,冲击伤,腿部,中度,5397,24
684,2038,932,冲击伤,手部,致命,132226,177
685,4053,564,骨折,眼睛,重度,57335,77
686,4038,527,压迫伤,肩膀,致命,51242,296
687,3440,255,烧伤,颈椎,重度,59976,91
688,136,813,听力损伤,胸部,轻度,2224,2
689,1281,205,烧伤,脚部,重度,75592,80
690,982,854,窒息,眼睛,重度,42002,95
691,659,990,窒息,手部,轻度,1502,5
692,3332,77,冲击伤,头部,重度,56855,39
693,2454,834,肌肉拉伤,颈椎,中度,6620,18
694,3265,615,骨折,膝盖,重度,38437,88
695,3071,5,窒息,腰,中度,19259,15
696,3809,521,听力损伤,腰,重度,29057,90
697,3077,423,扭伤,膝盖,重度,21049,62
698,4431,589,骨折,膝盖,重度,53462,63
699,2407,805,视力损伤,肩膀,中度,23102,24
700,2583,553,视力损伤,腿部,中度,11441,37
701,3518,104,冲击伤,腿部,中度,9689,11
702,3920,424,烧伤,膝盖,致命,182307,161
703,4271,971,冲击伤,脚部,轻度,1100,3
704,1261,108,窒息,手臂,致命,145008,259
705,1412,332,听力损伤,背部,重度,26957,120
706,726,159,烧伤,脚部,致命,113981,112
707,4930,539,割伤,手部,重度,27577,51
708,3552,963,冲击伤,脚部,中度,19167,26
709,3538,691,窒息,眼睛,中度,13117,45
710,960,879,烧伤,背部,重度,36378,81
711,3243,11,冲击伤,背部,致命,106242,301
712,4032,329,骨折,背部,中度,23432,17
713,140,666,压迫伤,膝盖,致命,141403,284
714,4366,733,骨折,腿部,致命,60171,241
715,1140,342,冲击伤,肩膀,轻度,4009,1
716,2358,98,冲击伤,眼睛,轻度,791,2
717,3585,582,肌肉拉伤,颈椎,重度,75262,53
718,175,473,扭伤,胸部,重度,67842,107
719,3459,150,压迫伤,背部,轻度,908,5
720,2658,530,窒息,胸部,中度,23692,14
721,1606,750,扭伤,手部,中度,15862,12
722,1628,988,冲击伤,胸部,致命,192452,257
723,4710,40,压迫伤,肩膀,中度,6685,12
724,216,536,烧伤,手臂,重度,43391,79
725,3467,656,中毒,头部,致命,171271,360
726,2392,948,烧伤,腿部,重度,60352,103
727,4962,86,扭伤,眼睛,重度,26384,69
728,3499,478,烧伤,腿部,轻度,5620,5
729,2953,511,冲击伤,胸部,致命,95833,123
730,4519,438,骨折,眼睛,轻度,5330,8
731,4392,288,割伤,腰,致命,85306,189
732,467,683,冲击伤,腰,轻度,2794,0
733,851,299,听力损伤,背部,重度,52657,82
734,1168,435,冲击伤,脚部,中度,23883,25
735,1407,149,窒息,胸部,致命,126553,147
736,2380,157,割伤,颈椎,重度,23172,56
737,3270,817,冲击伤,背部,致命,143473,123
738,4144,769,窒息,手臂,中度,14972,21
739,907,370,视力损伤,腰,致命,58352,239
740,2729,286,冲击伤,脚部,致命,113867,228
741,338,78,视力损伤,膝盖,中度,18749,16
742,557,244,视力损伤,脚部,重度,65572,91
743,3362,464,割伤,肩膀,轻度,3881,0
744,3149,11,视力损伤,腿部,致命,133542,339
745,4093,648,冲击伤,腰,致命,161039,120
746,102,40,骨折,颈椎,中度,24478,45
747,654,376,压迫伤,肩膀,重度,52984,66
748,4334,333,骨折,腰,轻度,2331,5
749,2151,98,烧伤,手部,致命,169753,138
750,2295,902,烧伤,背部,轻度,3932,9
751,4345,376,听力损伤,头部,重度,26854,91
752,2638,505,骨折,头部,致命,157045,359
753,4577,504,骨折,腰,致命,193078,317
754,670,899,压迫伤,头部,重度,60558,98
755,3029,333,冲击伤,手部,致命,97636,365
756,3712,362,中毒,头部,重度,40910,109
757,3926,163,冲击伤,手臂,致命,147312,195
758,157,993,中毒,胸部,中度,16196,29
759,2196,534,割伤,头部,致命,193155,343
760,2796,439,听力损伤,手部,轻度,4296,0
761,1764,99,烧伤,眼睛,轻度,987,9
762,3793,953,中毒,胸部,中度,19892,23
763,3475,590,中毒,脚部,中度,15828,38
764,3930,692,擦伤,背部,中度,22999,33
765,4802,222,割伤,腿部,重度,23572,33
766,3830,312,烧伤,脚部,重度,74083,98
767,300,191,视力损伤,肩膀,中度,16630,24
768,1477,297,视力损伤,腿部,重度,60463,111
769,4890,42,割伤,肩膀,中度,24330,9
770,1192,605,擦伤,手部,致命,167267,136
771,970,354,窒息,胸部,轻度,3297,8
772,1750,97,割伤,颈椎,致命,143981,312
773,3000,561,中毒,颈椎,重度,21148,79
774,2022,829,割伤,头部,轻度,2985,5
775,1640,124,压迫伤,背部,重度,24896,112
776,1879,495,压迫伤,头部,重度,22266,53
777,4847,525,冲击伤,膝盖,致命,166472,160
778,1708,652,骨折,腰,致命,53138,133
779,1043,659,听力损伤,颈椎,致命,113200,258
780,1059,11,中毒,腰,致命,96796,237
781,646,540,压迫伤,腰,重度,60922,118
782,4324,442,烧伤,肩膀,致命,167888,292
783,2156,318,窒息,手臂,轻度,1597,8
784,1287,853,中毒,头部,重度,64722,49
785,987,393,扭伤,手臂,中度,12066,41
786,754,783,烧伤,脚部,重度,75884,64
787,1714,624,窒息,头部,中度,13509,31
788,2176,776,擦伤,手部,致命,199525,210
789,1193,921,窒息,腿部,致命,74546,348
790,251,331,扭伤,头部,中度,12666,33
791,4586,387,骨折,颈椎,致命,94338,115
792,3623,610,擦伤,膝盖,轻度,4447,6
793,2862,416,窒息,腰,致命,141252,148
794,2799,872,视力损伤,背部,重度,33003,77
795,3383,834,视力损伤,手臂,中度,11715,44
796,3415,981,中毒,胸部,轻度,2898,5
797,4138,287,听力损伤,颈椎,重度,29669,90
798,1824,904,擦伤,头部,重度,40820,95
799,2693,573,骨折,颈椎,重度,34523,78
800,1019,539,烧伤,脚部,致命,136895,272
801,120,857,中毒,颈椎,致命,99864,327
802,2612,299,窒息,眼睛,重度,52101,53
803,4618,300,骨折,背部,中度,19181,20
804,366,114,听力损伤,眼睛,重度,53360,32
805,4761,570,骨折,手部,重度,40820,117
806,4822,721,听力损伤,脚部,轻度,2422,1
807,1698,247,视力损伤,背部,轻度,4893,3
808,4374,161,割伤,颈椎,轻度,4988,10
809,2932,396,擦伤,眼睛,中度,16450,9
810,3237,236,割伤,背部,轻度,1222,2
811,3177,179,烧伤,膝盖,中度,11417,34
812,4820,687,视力损伤,脚部,重度,57952,105
813,687,482,听力损伤,背部,重度,26557,115
814,2741,69,割伤,颈椎,轻度,3054,8
815,357,932,窒息,脚部,中度,5713,41
816,4152,183,窒息,手部,轻度,4584,7
817,3888,656,窒息,眼睛,重度,37506,81
818,1857,119,窒息,颈椎,轻度,2801,1
819,4657,813,骨折,眼睛,致命,51056,348
820,4850,882,视力损伤,手臂,重度,57602,44
821,1572,635,压迫伤,眼睛,中度,17630,9
822,3740,703,肌肉拉伤,脚部,重度,75302,59
823,1147,624,听力损伤,肩膀,重度,71739,73
824,4787,8,割伤,头部,轻度,1781,6
825,1766,246,扭伤,腰,致命,50105,348
826,1825,733,割伤,腰,中度,22549,44
827,2774,928,擦伤,头部,重度,77545,87
828,2040,651,扭伤,脚部,轻度,1520,10
829,3239,613,扭伤,肩膀,重度,23412,75
830,2288,922,窒息,头部,重度,42623,92
831,3720,688,听力损伤,腰,致命,75364,106
832,3542,902,扭伤,腿部,中度,23539,13
833,1073,407,扭伤,脚部,中度,5292,10
834,144,623,冲击伤,肩膀,重度,55818,93
835,1596,691,肌肉拉伤,腰,中度,19541,22
836,1216,14,扭伤,眼睛,重度,74679,66
837,291,130,听力损伤,头部,致命,98646,332
838,1505,488,中毒,手臂,轻度,4587,3
839,3200,96,听力损伤,眼睛,轻度,1928,10
840,2856,222,骨折,头部,重度,20556,62
841,3802,100,窒息,手臂,致命,111640,242
842,3166,762,割伤,腿部,中度,17003,19
843,4916,344,听力损伤,背部,轻度,2417,9
844,566,896,烧伤,背部,轻度,2209,10
845,4580,54,割伤,腿部,重度,70487,68
846,2128,777,烧伤,腰,致命,152704,274
847,1627,706,窒息,肩膀,轻度,4385,2
848,4037,591,视力损伤,肩膀,重度,71252,52
849,915,897,肌肉拉伤,头部,致命,130532,115
850,3067,405,窒息,手臂,轻度,2083,6
851,3335,674,烧伤,腿部,致命,102085,321
852,4520,43,视力损伤,腿部,中度,7774,38
853,1617,334,听力损伤,膝盖,轻度,5236,6
854,2526,665,中毒,手部,重度,41929,118
855,2327,465,冲击伤,肩膀,重度,38464,74
856,1929,622,擦伤,背部,重度,36687,90
857,1392,457,扭伤,背部,致命,165527,351
858,1706,604,中毒,胸部,重度,50926,82
859,2370,230,中毒,手臂,重度,34275,112
860,1878,926,擦伤,手臂,中度,15980,24
861,1060,89,骨折,胸部,中度,22819,39
862,4900,920,冲击伤,胸部,中度,23621,9
863,2869,825,冲击伤,腰,致命,94368,146
864,4238,245,擦伤,手臂,轻度,3037,3
865,4493,185,烧伤,头部,致命,74050,295
866,2591,188,中毒,颈椎,重度,31125,34
867,1625,994,擦伤,手部,中度,18066,34
868,4667,701,烧伤,胸部,致命,62324,228
869,4956,792,扭伤,手臂,中度,5157,21
870,3933,250,骨折,颈椎,致命,164792,108
871,3480,717,扭伤,脚部,致命,147278,174
872,3785,108,擦伤,膝盖,重度,50387,38
873,1741,137,烧伤,腿部,重度,36570,86
874,1463,185,窒息,肩膀,重度,65779,112
875,3591,167,烧伤,手部,轻度,3627,6
876,1867,220,擦伤,手臂,轻度,5689,10
877,4021,383,割伤,肩膀,致命,175564,172
878,2393,514,压迫伤,手部,轻度,3448,7
879,1560,778,烧伤,背部,轻度,1079,9
880,1323,861,扭伤,腰,轻度,3102,6
881,3162,809,擦伤,腰,致命,91825,254
882,3139,787,冲击伤,胸部,中度,6461,14
883,2265,664,视力损伤,眼睛,轻度,823,6
884,344,557,骨折,脚部,重度,24978,81
885,4136,644,骨折,背部,中度,6705,19
886,3603,539,听力损伤,颈椎,轻度,526,8
887,688,937,割伤,背部,中度,14242,23
888,2277,917,中毒,手臂,致命,136115,169
889,2982,660,肌肉拉伤,胸部,中度,9878,13
890,1056,710,窒息,肩膀,重度,70241,96
891,3595,682,中毒,手部,轻度,2869,8
892,1544,109,窒息,脚部,重度,54005,103
893,2238,22,割伤,头部,致命,174485,268
894,3337,356,冲击伤,眼睛,轻度,3060,4
895,4236,415,肌肉拉伤,胸部,轻度,4802,7
896,282,641,骨折,眼睛,轻度,876,3
897,4991,669,听力损伤,颈椎,致命,111980,244
898,1003,945,视力损伤,手部,致命,95077,276
899,4594,66,割伤,肩膀,中度,23425,32
900,3028,235,压迫伤,背部,重度,21328,117
901,4942,161,窒息,膝盖,轻度,2928,5
902,4430,789,肌肉拉伤,眼睛,轻度,769,0
903,149,980,烧伤,手臂,致命,173484,310
904,500,2,中毒,背部,轻度,2387,10
905,24,65,冲击伤,头部,中度,17010,32
906,3699,513,割伤,脚部,中度,24784,24
907,4516,504,听力损伤,腰,致命,136992,115
908,4682,388,冲击伤,腿部,致命,176715,283
909,2390,208,割伤,眼睛,致命,184760,256
910,694,472,肌肉拉伤,手部,轻度,614,7
911,3136,101,冲击伤,胸部,中度,9490,7
912,1888,630,割伤,背部,中度,9748,17
913,619,649,视力损伤,膝盖,重度,46480,81
914,3059,428,擦伤,腰,重度,68495,33
915,1633,495,割伤,腰,中度,5812,35
916,1352,74,压迫伤,颈椎,轻度,2901,4
917,4309,742,肌肉拉伤,肩膀,轻度,2407,8
918,3530,486,窒息,背部,重度,71618,106
919,2565,76,割伤,腰,轻度,4880,5
920,2807,510,冲击伤,眼睛,中度,20250,34
921,1979,898,烧伤,手部,轻度,5325,6
922,489,741,窒息,腰,重度,51128,79
923,777,681,窒息,腰,中度,18868,23
924,3554,432,视力损伤,眼睛,重度,33705,39
925,3294,319,烧伤,眼睛,中度,20230,12
926,1523,303,中毒,颈椎,重度,39809,108
927,4089,587,视力损伤,胸部,中度,11456,38
928,2102,948,擦伤,颈椎,重度,26317,39
929,4778,895,视力损伤,手臂,致命,56693,318
930,950,411,骨折,手臂,致命,59904,328
931,1950,969,窒息,眼睛,轻度,4607,5
932,3579,5,骨折,腰,中度,22018,13
933,1795,757,割伤,脚部,致命,155876,176
934,1394,168,骨折,膝盖,中度,10119,28
935,4878,569,割伤,背部,重度,71423,36
936,626,780,窒息,腰,轻度,2855,6
937,1428,62,冲击伤,手部,中度,21027,15
938,3934,751,中毒,胸部,轻度,5821,4
939,2531,245,烧伤,头部,轻度,4537,5
940,2042,971,烧伤,腿部,中度,15759,34
941,2534,503,视力损伤,颈椎,重度,38905,83
942,3929,423,骨折,手部,中度,12795,36
943,285,607,压迫伤,膝盖,中度,20191,39
944,4158,225,中毒,肩膀,重度,48794,79
945,3692,26,冲击伤,背部,致命,103495,222
946,3398,137,视力损伤,头部,致命,162266,314
947,514,667,割伤,手部,致命,99862,244
948,3596,802,冲击伤,背部,重度,36575,65
949,3750,412,窒息,膝盖,轻度,3607,9
950,4245,666,烧伤,眼睛,中度,19324,14
951,2446,12,擦伤,腰,致命,148618,314
952,4418,712,擦伤,颈椎,致命,127864,168
953,1472,634,压迫伤,颈椎,重度,69822,49
954,4121,775,听力损伤,背部,致命,179948,145
955,1882,699,听力损伤,脚部,重度,23253,41
956,3900,758,骨折,手部,轻度,1542,10
957,2253,745,肌肉拉伤,脚部,轻度,1722,2
958,118,423,冲击伤,胸部,中度,22247,23
959,664,14,视力损伤,膝盖,重度,74473,114
960,855,884,冲击伤,手部,中度,17905,37
961,2842,910,压迫伤,膝盖,重度,67315,115
962,317,970,冲击伤,腿部,致命,157077,317
963,2310,407,扭伤,腰,中度,7479,28
964,2959,834,冲击伤,背部,中度,19851,40
965,4548,65,骨折,膝盖,重度,65367,51
966,4735,507,中毒,手臂,轻度,4932,1
967,4830,362,视力损伤,背部,致命,183261,335
968,1438,691,中毒,脚部,中度,5755,7
969,1391,230,冲击伤,膝盖,重度,57894,117
970,1986,886,窒息,膝盖,重度,62026,115
971,3873,854,骨折,背部,致命,192719,112
972,2203,991,骨折,腰,重度,62468,103
973,4375,358,压迫伤,背部,重度,70739,58
974,4350,612,压迫伤,肩膀,轻度,5284,3
975,984,255,视力损伤,头部,致命,136694,218
976,1663,773,听力损伤,背部,致命,92431,185
977,469,410,擦伤,手部,中度,18615,9
978,920,409,听力损伤,肩膀,致命,145048,140
979,4224,957,割伤,背部,中度,19618,36
980,1707,653,烧伤,手臂,轻度,4807,4
981,3846,886,窒息,手臂,轻度,5715,1
982,4945,221,肌肉拉伤,膝盖,轻度,1694,4
983,2432,996,压迫伤,膝盖,重度,41915,52
984,981,678,割伤,腰,中度,13243,25
985,2691,376,扭伤,胸部,中度,15351,28
986,1077,239,冲击伤,手部,重度,53156,109
987,972,122,骨折,背部,中度,6400,9
988,1754,652,视力损伤,头部,致命,50728,355
989,3755,66,烧伤,头部,致命,174333,308
990,4231,717,中毒,脚部,中度,10658,43
991,1230,173,冲击伤,背部,重度,50683,42
992,3665,327,视力损伤,手臂,轻度,4379,5
993,2664,312,视力损伤,肩膀,轻度,2155,8
994,1856,511,窒息,腿部,重度,31618,42
995,4208,860,肌肉拉伤,膝盖,中度,10153,36
996,2049,466,视力损伤,头部,中度,5509,18
997,4402,627,中毒,眼睛,重度,73946,93
998,1852,400,冲击伤,腰,中度,8178,39
999,1637,334,视力损伤,颈椎,轻度,4374,9
1000,3054,246,压迫伤,手臂,中度,10680,41
1001,997,536,视力损伤,颈椎,中度,12684,15
1002,730,562,擦伤,腰,重度,70753,83
1003,1687,766,压迫伤,胸部,致命,116265,273
1004,1434,660,冲击伤,头部,致命,151027,305
1005,880,737,听力损伤,腿部,轻度,3735,9
1006,2758,272,窒息,膝盖,重度,66682,120
1007,2911,711,肌肉拉伤,腿部,中度,16636,44
1008,4024,528,冲击伤,腰,重度,29142,74
1009,4143,297,冲击伤,膝盖,致命,92393,290
1010,1308,339,擦伤,手部,重度,78312,97
1011,1821,333,中毒,脚部,中度,7079,39
1012,2106,544,冲击伤,手臂,重度,29132,75
1013,4108,465,烧伤,头部,重度,76719,73
1014,1155,365,窒息,头部,重度,25165,82
1015,2630,841,肌肉拉伤,眼睛,致命,173217,156
1016,1592,780,烧伤,腿部,致命,152838,95
1017,4391,340,烧伤,脚部,中度,9992,43
1018,3406,369,冲击伤,背部,致命,104974,284
1019,3947,18,烧伤,背部,致命,60288,226
1020,150,391,听力损伤,腿部,重度,73834,95
1021,967,508,冲击伤,腰,致命,67456,316
1022,2909,597,肌肉拉伤,胸部,重度,56274,99
1023,1941,205,冲击伤,脚部,重度,20531,75
1024,402,996,冲击伤,手臂,重度,20780,99
1025,3351,186,扭伤,手部,轻度,594,10
1026,2648,557,擦伤,手部,重度,71609,66
1027,3815,331,视力损伤,眼睛,轻度,648,6
1028,2893,987,压迫伤,手部,轻度,1508,1
1029,131,893,中毒,腿部,中度,10479,45
1030,4132,991,擦伤,颈椎,重度,27174,107
1031,1237,164,骨折,脚部,轻度,3324,6
1032,4840,865,中毒,背部,重度,69002,111
1033,3041,761,视力损伤,腰,致命,62158,230
1034,2118,380,割伤,腰,中度,16772,33
1035,117,617,擦伤,眼睛,轻度,1552,4
1036,4230,779,压迫伤,头部,重度,60820,110
1037,2443,25,割伤,颈椎,重度,66262,85
1038,3178,370,擦伤,颈椎,重度,22401,35
1039,3918,918,烧伤,腰,重度,35687,101
1040,3684,549,扭伤,脚部,轻度,2755,8
1041,4853,843,听力损伤,手部,轻度,4625,0
1042,2699,252,视力损伤,腰,轻度,3329,9
1043,3987,908,擦伤,腿部,重度,71738,41
1044,4803,83,肌肉拉伤,颈椎,中度,14821,7
1045,2199,68,肌肉拉伤,肩膀,致命,177693,248
1046,3104,833,冲击伤,手部,中度,16831,13
1047,2174,929,骨折,脚部,中度,8971,15
1048,1949,345,视力损伤,腿部,致命,104681,249
1049,3296,290,割伤,膝盖,轻度,2576,8
1050,943,945,窒息,腿部,重度,71351,102
1051,1636,386,割伤,肩膀,重度,54503,77
1052,3131,736,骨折,肩膀,中度,12095,34
1053,4451,740,扭伤,脚部,中度,6250,15
1054,2201,189,扭伤,手臂,轻度,4579,3
1055,1248,170,中毒,手部,轻度,1832,8
1056,3796,22,视力损伤,胸部,中度,23033,41
1057,106,872,中毒,眼睛,轻度,1665,4
1058,1836,662,听力损伤,手部,致命,110360,327
1059,3165,774,肌肉拉伤,颈椎,中度,17337,16
1060,4863,825,中毒,胸部,重度,68499,119
1061,3912,351,割伤,腰,中度,13830,7
1062,4427,113,压迫伤,膝盖,重度,25752,80
1063,787,119,窒息,眼睛,重度,40763,41
1064,4662,841,烧伤,背部,中度,17584,34
1065,204,705,视力损伤,腰,致命,96035,313
1066,4007,1,窒息,颈椎,致命,89611,112
1067,4703,469,扭伤,脚部,轻度,2498,1
1068,2298,373,割伤,胸部,中度,18204,36
1069,1562,769,窒息,腿部,致命,121722,177
1070,782,850,中毒,背部,中度,18506,32
1071,2989,342,窒息,手臂,重度,72517,61
1072,4597,686,割伤,腰,轻度,958,0
1073,3923,741,压迫伤,背部,致命,131303,339
1074,1975,131,视力损伤,膝盖,重度,62770,113
1075,574,172,骨折,膝盖,轻度,3307,8
1076,440,646,窒息,腿部,重度,57172,110
1077,1620,192,骨折,背部,致命,115345,317
1078,4610,356,擦伤,脚部,中度,21272,29
1079,4856,412,窒息,颈椎,致命,186053,332
1080,2233,726,视力损伤,腰,致命,58376,285
1081,4949,762,听力损伤,腿部,轻度,4429,3
1082,1736,876,擦伤,肩膀,致命,195711,308
1083,2109,987,擦伤,颈椎,致命,179401,131
1084,3558,206,中毒,头部,轻度,2039,0
1085,4592,646,烧伤,手臂,轻度,3156,8
1086,3739,218,压迫伤,脚部,重度,39191,54
1087,3563,441,听力损伤,手部,轻度,5818,3
1088,4700,56,擦伤,颈椎,致命,147282,293
1089,4005,462,擦伤,手部,重度,54118,116
1090,810,651,割伤,肩膀,轻度,3715,1
1091,4527,779,视力损伤,腰,轻度,1032,9
1092,1593,924,中毒,手臂,轻度,5459,5
1093,1557,495,割伤,膝盖,中度,14659,20
1094,2365,225,肌肉拉伤,肩膀,重度,37174,105
1095,2135,62,扭伤,肩膀,致命,154520,306
1096,3386,44,割伤,肩膀,致命,171687,192
1097,3772,680,烧伤,脚部,轻度,1702,6
1098,2895,58,割伤,头部,轻度,1322,8
1099,1954,286,割伤,颈椎,轻度,5537,3
1100,1587,914,擦伤,手部,致命,124697,270
1101,2415,289,骨折,手臂,重度,35482,55
1102,3045,394,窒息,背部,致命,181838,123
1103,2817,599,冲击伤,颈椎,致命,190785,308
1104,1241,254,窒息,肩膀,致命,144742,124
1105,1908,525,中毒,手臂,轻度,3804,5
1106,3198,654,中毒,眼睛,轻度,2089,0
1107,2913,420,听力损伤,颈椎,中度,22243,7
1108,1156,936,压迫伤,肩膀,中度,9969,16
1109,2039,490,冲击伤,腰,轻度,1102,4
1110,3708,214,烧伤,颈椎,重度,77831,38
1111,4096,637,烧伤,腿部,轻度,3242,10
1112,842,452,骨折,胸部,重度,30707,105
1113,1921,734,压迫伤,胸部,中度,8118,37
1114,3948,698,擦伤,手部,轻度,5931,9
1115,1823,500,冲击伤,脚部,轻度,4805,8
1116,4708,681,视力损伤,头部,重度,69673,112
1117,1022,120,听力损伤,颈椎,致命,199919,309
1118,502,611,窒息,头部,轻度,2825,5
1119,1389,982,肌肉拉伤,肩膀,重度,52177,60
1120,2004,376,擦伤,肩膀,轻度,690,1
1121,765,868,压迫伤,脚部,致命,162094,224
1122,4502,996,冲击伤,膝盖,致命,107590,267
1123,1858,97,扭伤,背部,重度,39367,43
1124,4331,58,中毒,手臂,中度,14322,30
1125,3085,311,烧伤,腰,致命,92311,145
1126,660,648,骨折,脚部,中度,23287,41
1127,4542,978,窒息,颈椎,重度,60900,67
1128,4808,730,割伤,脚部,重度,46310,85
1129,4895,923,扭伤,膝盖,致命,82536,329
1130,1000,910,压迫伤,脚部,致命,85005,294
1131,912,156,视力损伤,眼睛,重度,23570,96
1132,1028,734,视力损伤,腰,中度,14799,42
1133,3284,149,扭伤,手臂,重度,66618,64
1134,4161,658,扭伤,胸部,轻度,4014,9
1135,4171,642,压迫伤,背部,轻度,3549,9
1136,329,206,冲击伤,背部,轻度,3571,6
1137,4503,504,割伤,手部,重度,61632,51
1138,3866,79,听力损伤,手部,致命,145160,200
1139,2304,682,肌肉拉伤,腿部,轻度,3363,10
1140,3771,55,烧伤,脚部,致命,73951,131
1141,4509,395,视力损伤,颈椎,重度,31289,59
1142,269,698,冲击伤,手臂,重度,20916,79
1143,1700,408,割伤,颈椎,轻度,3724,5
1144,3734,265,扭伤,腰,轻度,2924,10
1145,1174,96,烧伤,眼睛,致命,81294,316
1146,4893,173,割伤,眼睛,致命,194797,237
1147,4946,562,冲击伤,背部,致命,144272,115
1148,2064,710,扭伤,肩膀,重度,54879,37
1149,70,760,骨折,肩膀,重度,48725,53
1150,1877,951,肌肉拉伤,手部,重度,66609,33
1151,3756,469,视力损伤,胸部,致命,111693,208
1152,1679,930,割伤,肩膀,致命,79637,205
1153,4915,470,听力损伤,眼睛,重度,43201,44
1154,3201,455,窒息,脚部,重度,35524,51
1155,77,638,擦伤,腰,致命,144508,95
1156,4215,232,窒息,眼睛,重度,49577,82
1157,3798,877,窒息,颈椎,重度,51008,40
1158,732,292,视力损伤,颈椎,致命,174617,347
1159,1624,1,视力损伤,头部,重度,47825,35
1160,930,641,窒息,颈椎,中度,6175,37
1161,683,800,肌肉拉伤,腰,中度,23947,10
1162,579,300,割伤,背部,致命,185980,142
1163,2775,420,窒息,胸部,重度,50929,32
1164,3655,728,听力损伤,肩膀,致命,114573,196
1165,2806,782,骨折,眼睛,轻度,4910,3
1166,310,258,骨折,背部,轻度,4367,9
1167,4379,804,骨折,眼睛,轻度,2801,3
1168,4217,87,骨折,腿部,致命,180812,119
1169,3617,238,扭伤,肩膀,重度,30918,52
1170,532,438,割伤,腰,轻度,737,6
1171,3760,499,割伤,手臂,重度,47720,115
1172,3441,124,肌肉拉伤,腿部,致命,190565,267
1173,4876,712,肌肉拉伤,眼睛,重度,33580,36
1174,407,608,冲击伤,手部,致命,77128,202
1175,3660,991,骨折,膝盖,致命,177055,158
1176,238,990,窒息,腿部,中度,16019,30
1177,3662,739,听力损伤,肩膀,致命,132774,183
1178,543,247,视力损伤,眼睛,重度,77492,50
1179,459,999,扭伤,膝盖,致命,193112,354
1180,1696,418,冲击伤,手部,致命,99148,256
1181,4512,732,烧伤,眼睛,中度,5058,18
1182,1207,554,冲击伤,胸部,轻度,3623,2
1183,1302,676,窒息,眼睛,中度,23072,20
1184,27,351,割伤,肩膀,致命,95045,343
1185,637,12,骨折,背部,致命,143829,345
1186,2111,161,窒息,手臂,致命,152730,286
1187,3143,148,压迫伤,膝盖,致命,143349,232
1188,3348,383,擦伤,头部,中度,22302,41
1189,3782,973,割伤,脚部,重度,44457,38
1190,2226,725,听力损伤,脚部,中度,24256,27
1191,4788,62,擦伤,眼睛,致命,163607,123
1192,1509,267,听力损伤,背部,重度,29747,114
1193,3395,701,肌肉拉伤,颈椎,重度,57827,70
1194,1807,365,烧伤,手臂,中度,21130,10
1195,2162,315,肌肉拉伤,腰,致命,57055,99
1196,1169,114,扭伤,手部,重度,20495,30
1197,4865,404,肌肉拉伤,胸部,致命,163671,99
1198,3694,887,割伤,头部,轻度,4921,2
1199,1382,355,冲击伤,腰,致命,104995,180
1200,1984,710,听力损伤,手臂,中度,21738,40
1201,4510,590,中毒,背部,中度,20126,13
1202,1069,882,视力损伤,手臂,重度,50421,56
1203,3586,565,肌肉拉伤,膝盖,致命,121851,284
1204,1213,540,冲击伤,脚部,致命,109923,144
1205,2296,277,扭伤,膝盖,中度,22476,13
1206,2866,260,听力损伤,腿部,中度,16467,22
1207,798,504,压迫伤,颈椎,中度,5467,38
1208,3894,191,听力损伤,腿部,轻度,4669,6
1209,4077,415,肌肉拉伤,头部,重度,30128,109
1210,3375,987,扭伤,手部,致命,117617,301
1211,271,500,擦伤,背部,中度,8146,8
1212,4963,304,压迫伤,胸部,轻度,4186,9
1213,2328,769,割伤,腿部,轻度,5064,9
1214,4308,827,压迫伤,肩膀,重度,71891,35
1215,3025,629,骨折,脚部,致命,145473,168
1216,4995,64,视力损伤,背部,重度,24710,78
1217,3183,77,窒息,肩膀,重度,67806,74
1218,1781,627,压迫伤,膝盖,重度,78584,93
1219,1641,805,听力损伤,肩膀,中度,7611,45
1220,1710,107,肌肉拉伤,头部,致命,154835,252
1221,1173,160,擦伤,膝盖,重度,27038,110
1222,1647,585,肌肉拉伤,眼睛,重度,67880,55
1223,129,713,冲击伤,肩膀,致命,127187,315
1224,595,659,压迫伤,腰,轻度,4995,4
1225,4214,200,中毒,脚部,轻度,5783,3
1226,254,193,听力损伤,脚部,轻度,5066,10
1227,529,83,骨折,肩膀,致命,95109,245
1228,934,627,压迫伤,膝盖,重度,59894,75
1229,2829,762,擦伤,颈椎,重度,36990,70
1230,2564,933,听力损伤,头部,中度,15088,18
1231,629,962,听力损伤,手臂,致命,64726,229
1232,1312,680,割伤,手臂,轻度,1307,6
1233,2922,334,烧伤,颈椎,轻度,1356,5
1234,1548,985,扭伤,肩膀,轻度,2067,8
1235,623,435,听力损伤,脚部,轻度,5789,3
1236,1646,299,冲击伤,肩膀,致命,114680,323
1237,3380,22,肌肉拉伤,手臂,重度,56206,45
1238,2213,206,肌肉拉伤,手部,轻度,5646,7
1239,491,442,割伤,腰,中度,5785,7
1240,3100,13,压迫伤,眼睛,轻度,1659,8
1241,1246,259,视力损伤,手臂,中度,24306,44
1242,4742,282,窒息,腰,致命,181530,274
1243,918,668,冲击伤,腰,致命,126200,303
1244,624,279,视力损伤,膝盖,致命,181008,194
1245,1415,446,擦伤,手部,致命,170503,215
1246,1303,916,冲击伤,背部,中度,6740,23
1247,3310,995,听力损伤,膝盖,重度,22751,71
1248,4563,534,视力损伤,腰,中度,7528,14
1249,3724,903,视力损伤,腿部,致命,111833,141
1250,3321,497,听力损伤,脚部,轻度,681,8
1251,3991,424,中毒,肩膀,致命,163418,93
1252,2815,232,肌肉拉伤,胸部,轻度,4653,10
1253,4790,351,窒息,头部,重度,24848,108
1254,1364,210,视力损伤,背部,中度,13954,18
1255,1571,409,视力损伤,肩膀,重度,26418,92
1256,4233,578,听力损伤,背部,致命,160101,265
1257,74,211,骨折,腰,重度,75455,59
1258,1449,99,窒息,头部,中度,13318,14
1259,3151,237,压迫伤,眼睛,致命,143962,119
1260,3309,947,肌肉拉伤,背部,轻度,2717,4
1261,4741,857,中毒,肩膀,重度,47517,52
1262,4198,304,扭伤,手部,重度,72171,95
1263,2169,657,擦伤,膝盖,中度,21136,15
1264,1690,946,窒息,手臂,重度,49685,87
1265,2661,528,扭伤,腰,中度,22242,19
1266,9,24,窒息,背部,中度,18145,26
1267,4953,233,视力损伤,手臂,轻度,3873,9
1268,4555,155,视力损伤,胸部,致命,53234,118
1269,1083,969,肌肉拉伤,头部,重度,37074,54
1270,3503,583,割伤,头部,致命,124763,99
1271,1065,280,窒息,腰,致命,165373,258
1272,1817,849,听力损伤,手臂,中度,12034,23
1273,4969,547,割伤,膝盖,致命,115460,229
1274,661,892,割伤,头部,中度,9688,14
1275,2627,405,肌肉拉伤,手臂,轻度,5644,7
1276,3216,806,扭伤,腿部,致命,57187,226
1277,1186,246,视力损伤,眼睛,轻度,863,0
1278,4170,196,中毒,肩膀,轻度,570,6
1279,2756,367,扭伤,脚部,重度,47424,59
1280,2474,524,中毒,腿部,重度,40455,78
1281,2824,764,中毒,眼睛,致命,171243,181
1282,642,94,擦伤,膝盖,致命,61348,154
1283,2604,100,扭伤,腿部,中度,6493,27
1284,1814,375,肌肉拉伤,眼睛,致命,120052,264
1285,185,84,中毒,肩膀,致命,91899,328
1286,3172,197,扭伤,手部,轻度,5206,7
1287,134,915,割伤,脚部,轻度,1941,4
1288,3927,395,扭伤,颈椎,中度,16934,33
1289,1517,555,扭伤,膝盖,重度,38832,74
1290,2889,257,听力损伤,背部,中度,8175,27
1291,3833,932,肌肉拉伤,手部,轻度,4101,4
1292,4284,749,窒息,颈椎,重度,50767,73
1293,3434,386,烧伤,眼睛,中度,11631,14
1294,3011,176,中毒,颈椎,致命,140909,170
1295,3144,23,冲击伤,腿部,重度,70251,62
1296,367,383,视力损伤,腰,致命,91471,285
1297,2552,308,肌肉拉伤,眼睛,致命,62462,255
1298,2520,243,听力损伤,肩膀,轻度,3803,9
1299,4166,607,听力损伤,胸部,致命,130065,309
1300,4074,940,视力损伤,手臂,致命,140950,164
1301,2920,985,中毒,胸部,重度,36517,104
1302,633,65,扭伤,胸部,重度,43327,118
1303,1143,992,视力损伤,颈椎,重度,66483,71
1304,4206,842,割伤,胸部,轻度,4030,0
1305,3868,321,骨折,胸部,中度,5791,34
1306,2994,874,割伤,眼睛,致命,138126,185
1307,2353,992,冲击伤,腿部,致命,147012,176
1308,1676,251,骨折,胸部,致命,143029,191
1309,108,705,视力损伤,颈椎,中度,5137,15
1310,4622,526,割伤,脚部,致命,190609,246
1311,4987,265,窒息,手部,重度,41104,115
1312,4405,388,窒息,眼睛,重度,29863,32
1313,617,672,骨折,头部,中度,20327,20
1314,1118,938,视力损伤,眼睛,重度,27714,82
1315,4328,778,骨折,膝盖,重度,22894,41
1316,3996,938,中毒,手臂,中度,24712,25
1317,3324,870,听力损伤,胸部,重度,77608,43
1318,4447,155,烧伤,脚部,中度,15773,10
1319,3875,539,烧伤,眼睛,重度,52436,44
1320,2224,904,压迫伤,胸部,致命,178865,126
1321,4042,287,肌肉拉伤,腰,重度,52508,80
1322,1072,379,扭伤,头部,致命,54022,202
1323,576,877,擦伤,胸部,致命,181883,242
1324,2368,144,视力损伤,膝盖,轻度,5884,6
1325,1759,734,冲击伤,脚部,致命,136149,288
1326,4628,80,骨折,膝盖,中度,23096,33
1327,862,433,冲击伤,腰,轻度,619,5
1328,2550,466,擦伤,膝盖,重度,63734,32
1329,3944,344,视力损伤,脚部,致命,132458,275
1330,2021,423,听力损伤,手部,致命,198850,317
1331,2896,877,扭伤,腿部,中度,12149,42
1332,4771,357,骨折,腰,重度,71639,67
1333,3083,570,窒息,背部,中度,10780,42
1334,1970,810,骨折,眼睛,重度,49453,59
1335,2742,750,压迫伤,胸部,轻度,3197,4
1336,3726,271,扭伤,脚部,轻度,4865,8
1337,2975,395,烧伤,眼睛,中度,24643,43
1338,4660,424,擦伤,腰,致命,119123,283
1339,2766,329,视力损伤,背部,轻度,5351,8
1340,2161,828,听力损伤,胸部,中度,16700,34
1341,3288,361,肌肉拉伤,背部,中度,8840,20
1342,3700,446,割伤,眼睛,致命,133860,315
1343,4347,833,肌肉拉伤,脚部,致命,67415,344
1344,3883,601,扭伤,头部,中度,21410,31
1345,3812,969,窒息,手臂,轻度,1351,2
1346,2625,730,擦伤,头部,重度,62202,81
1347,4940,880,烧伤,肩膀,重度,37000,77
1348,472,715,中毒,胸部,中度,6058,26
1349,1167,728,中毒,头部,中度,8659,22
1350,858,760,烧伤,眼睛,重度,78806,55
1351,1649,482,肌肉拉伤,膝盖,重度,36722,94
1352,4494,197,擦伤,腿部,致命,153742,223
1353,812,841,骨折,头部,中度,9079,18
1354,722,501,窒息,颈椎,轻度,1140,7
1355,3547,843,割伤,眼睛,重度,68093,70
1356,612,409,视力损伤,背部,重度,20802,92
1357,3672,304,听力损伤,腿部,轻度,562,1
1358,3403,942,肌肉拉伤,胸部,中度,9222,26
1359,196,675,窒息,腿部,重度,54198,113
1360,4749,208,烧伤,脚部,致命,177587,234
1361,3924,253,烧伤,脚部,轻度,2674,0
1362,1036,128,擦伤,颈椎,重度,39006,108
1363,4304,761,烧伤,腿部,中度,24867,17
1364,3673,972,擦伤,手臂,致命,126219,347
1365,2597,121,压迫伤,膝盖,重度,36147,50
1366,2214,727,割伤,眼睛,中度,21243,10
1367,4428,777,听力损伤,脚部,重度,55373,49
1368,2859,115,扭伤,手臂,致命,87308,250
1369,4914,158,中毒,背部,重度,27332,34
1370,2216,139,骨折,眼睛,轻度,3111,10
1371,2697,215,视力损伤,胸部,中度,8365,40
1372,3765,254,擦伤,腰,重度,62281,87
1373,220,378,骨折,肩膀,轻度,1757,1
1374,2759,6,窒息,膝盖,重度,39237,44
1375,4873,238,听力损伤,背部,致命,82703,244
1376,3084,215,骨折,背部,重度,26509,104
1377,2996,302,窒息,手部,轻度,4911,5
1378,1832,521,肌肉拉伤,脚部,重度,69024,75
1379,3637,535,肌肉拉伤,手臂,中度,10506,29
1380,3835,651,压迫伤,脚部,重度,64460,43
1381,3091,682,擦伤,胸部,重度,67841,40
1382,4482,760,擦伤,手部,轻度,4985,7
1383,673,958,扭伤,背部,中度,15413,39
1384,1718,188,肌肉拉伤,脚部,致命,192109,126
1385,3462,515,骨折,腰,重度,31080,82
1386,1752,460,擦伤,腿部,中度,22585,42
1387,4469,513,肌肉拉伤,手部,重度,26509,117
1388,3693,30,扭伤,腿部,中度,24924,24
1389,546,78,视力损伤,腿部,致命,107386,222
1390,1451,857,窒息,胸部,中度,23046,38
1391,397,516,割伤,腰,轻度,3302,6
1392,3966,258,窒息,头部,中度,5320,19
1393,2134,459,擦伤,眼睛,重度,26607,100
1394,1464,820,肌肉拉伤,手部,重度,59840,57
1395,4720,726,肌肉拉伤,胸部,轻度,3116,5
1396,4105,324,视力损伤,腿部,中度,20268,31
1397,93,515,烧伤,腰,重度,77331,89
1398,3943,440,割伤,颈椎,重度,51983,61
1399,2300,198,压迫伤,头部,致命,199088,90
1400,4380,469,割伤,脚部,重度,54807,31
1401,53,528,冲击伤,胸部,致命,152060,184
1402,3314,701,烧伤,手部,重度,39885,53
1403,711,936,割伤,头部,轻度,1768,9
1404,4122,212,烧伤,腰,中度,9763,14
1405,362,60,烧伤,颈椎,重度,62745,112
1406,4887,52,肌肉拉伤,手部,重度,75776,116
1407,4131,470,扭伤,膝盖,轻度,1540,7
1408,1354,394,压迫伤,膝盖,致命,193584,296
1409,3909,67,冲击伤,脚部,致命,89725,179
1410,2234,323,窒息,颈椎,重度,41322,56
1411,2441,67,听力损伤,背部,中度,13894,17
1412,4734,812,视力损伤,手臂,轻度,4674,5
1413,3486,636,压迫伤,颈椎,轻度,2096,10
1414,2740,721,中毒,胸部,中度,11172,10
1415,1772,409,肌肉拉伤,腰,致命,94094,183
1416,296,300,听力损伤,脚部,致命,100010,283
1417,1691,847,骨折,背部,中度,7761,38
1418,2978,32,中毒,膝盖,轻度,1355,9
1419,3274,826,听力损伤,手部,重度,77560,43
1420,3137,688,烧伤,手部,中度,23511,27
1421,3524,859,视力损伤,头部,重度,37956,63
1422,1280,390,肌肉拉伤,膝盖,中度,15878,39
1423,2746,319,骨折,背部,轻度,1910,0
1424,2028,794,擦伤,膝盖,致命,126938,182
1425,4624,498,骨折,膝盖,轻度,763,2
1426,4888,964,冲击伤,胸部,中度,22551,18
1427,814,606,擦伤,胸部,重度,21618,49
1428,1715,762,擦伤,腿部,致命,183438,301
1429,1575,405,冲击伤,肩膀,轻度,4118,6
1430,3189,54,听力损伤,手部,重度,73013,76
1431,1989,336,扭伤,手臂,中度,19163,40
1432,743,846,割伤,腰,轻度,4206,3
1433,4473,141,肌肉拉伤,手部,中度,22550,37
1434,2885,178,骨折,头部,致命,130682,173
1435,3355,224,冲击伤,手部,中度,19764,13
1436,3482,735,听力损伤,腿部,重度,58247,102
1437,1282,774,骨折,手臂,轻度,1253,5
1438,375,399,听力损伤,头部,致命,84273,206
1439,4135,574,冲击伤,膝盖,中度,7223,32
1440,3044,874,肌肉拉伤,背部,中度,10924,8
1441,1745,662,骨折,腰,重度,53330,109
1442,703,924,窒息,膝盖,轻度,5702,6
1443,1102,307,冲击伤,腰,中度,23485,11
1444,2900,37,窒息,手部,中度,9725,42
1445,4104,439,肌肉拉伤,胸部,轻度,4157,2
1446,1564,29,冲击伤,肩膀,致命,191021,141
1447,1980,239,听力损伤,膝盖,轻度,5317,2
1448,1370,38,肌肉拉伤,膝盖,致命,169554,154
1449,2504,363,擦伤,脚部,致命,125412,101
1450,2275,593,压迫伤,腿部,轻度,2105,8
1451,206,236,压迫伤,腿部,轻度,5199,3
1452,2794,703,冲击伤,膝盖,轻度,3802,3
1453,4777,430,扭伤,脚部,轻度,3687,8
1454,94,413,压迫伤,胸部,轻度,2123,6
1455,2272,294,压迫伤,眼睛,重度,32222,97
1456,4686,508,肌肉拉伤,手部,中度,13044,28
1457,1137,930,窒息,背部,中度,9152,16
1458,2323,92,扭伤,手臂,重度,62764,84
1459,1099,859,擦伤,手臂,轻度,5890,9
1460,2141,968,压迫伤,肩膀,重度,64255,50
1461,73,537,扭伤,腰,致命,51304,115
1462,4082,563,冲击伤,膝盖,致命,51745,211
1463,2281,110,骨折,头部,致命,143709,283
1464,2566,133,割伤,膝盖,重度,52448,30
1465,3856,729,压迫伤,头部,重度,30409,74
1466,89,602,视力损伤,脚部,轻度,522,9
1467,432,159,视力损伤,膝盖,中度,9822,35
1468,72,625,割伤,膝盖,轻度,1861,6
1469,1401,349,听力损伤,肩膀,中度,12491,32
1470,2237,963,割伤,腿部,轻度,1696,6
1471,447,363,中毒,背部,轻度,4849,3
1472,195,499,骨折,胸部,致命,181828,227
1473,2808,599,窒息,手臂,致命,166925,127
1474,1247,876,压迫伤,背部,轻度,3216,1
1475,2702,530,割伤,手部,重度,69946,99
1476,1530,851,冲击伤,腰,中度,18495,37
1477,4296,855,中毒,膝盖,重度,51956,84
1478,638,243,骨折,手部,中度,12900,25
1479,2943,369,冲击伤,手臂,重度,26836,89
1480,2553,524,视力损伤,胸部,重度,50806,87
1481,4489,698,扭伤,腿部,中度,19623,26
1482,4022,869,听力损伤,肩膀,轻度,3898,8
1483,2517,880,擦伤,膝盖,重度,59825,108
1484,1866,524,听力损伤,腿部,重度,47222,32
1485,3006,929,窒息,头部,致命,80229,122
1486,373,530,骨折,头部,重度,73227,64
1487,4479,633,割伤,腿部,中度,6621,8
1488,393,455,扭伤,颈椎,致命,114211,104
1489,3722,563,肌肉拉伤,眼睛,重度,59949,113
1490,4130,971,压迫伤,腰,中度,24696,9
1491,564,978,扭伤,脚部,重度,63170,33
1492,2089,259,肌肉拉伤,手臂,轻度,3668,0
1493,292,483,压迫伤,颈椎,轻度,3975,0
1494,3843,444,割伤,颈椎,致命,196108,335
1495,2867,862,冲击伤,脚部,中度,18829,24
1496,76,636,压迫伤,腿部,轻度,2725,2
1497,3158,207,压迫伤,颈椎,轻度,3158,7
1498,4518,419,烧伤,腰,中度,16128,19
1499,1479,799,扭伤,脚部,致命,126934,108
1500,3614,392,骨折,腰,中度,5650,23
1501,956,101,肌肉拉伤,肩膀,中度,6074,37
1502,4408,943,听力损伤,背部,致命,57775,152
1503,3545,935,擦伤,腰,致命,158031,203
1504,588,58,割伤,膝盖,轻度,2688,4
1505,4701,216,骨折,手部,轻度,3268,3
1506,2618,706,骨折,头部,重度,41941,46
1507,2195,453,窒息,腿部,轻度,952,3
1508,2948,767,割伤,腰,致命,90496,132
1509,890,652,视力损伤,脚部,重度,64472,90
1510,360,968,听力损伤,肩膀,轻度,2350,6
1511,4318,424,肌肉拉伤,头部,中度,5201,10
1512,1473,205,冲击伤,膝盖,重度,42146,47
1513,2463,286,听力损伤,手臂,致命,65070,244
1514,3164,170,冲击伤,眼睛,中度,10045,45
1515,424,921,听力损伤,手部,轻度,1648,6
1516,3978,173,骨折,手臂,中度,20934,33
1517,3681,733,扭伤,膝盖,重度,27865,66
1518,1794,458,听力损伤,脚部,中度,22054,27
1519,4673,726,烧伤,胸部,致命,157552,329
1520,868,165,擦伤,肩膀,重度,68167,98
1521,1082,166,肌肉拉伤,腿部,轻度,4271,5
1522,4488,938,中毒,眼睛,致命,169179,284
1523,560,566,扭伤,眼睛,中度,7043,32
1524,4362,417,中毒,腰,轻度,5605,8
1525,3439,812,扭伤,胸部,轻度,5603,3
1526,2096,230,听力损伤,手臂,轻度,4220,3
1527,376,252,听力损伤,膝盖,中度,10347,8
1528,4707,944,擦伤,膝盖,致命,58700,219
1529,2990,446,听力损伤,头部,重度,45754,110
1530,163,570,割伤,腰,致命,196349,233
1531,3984,704,压迫伤,腿部,中度,15488,35
1532,450,732,骨折,手部,致命,113961,160
1533,1203,932,割伤,胸部,中度,12141,19
1534,3154,551,烧伤,背部,轻度,1194,1
1535,983,809,擦伤,手部,致命,135786,99
1536,3065,703,骨折,腰,重度,24599,80
1537,2433,575,听力损伤,眼睛,轻度,1547,9
1538,3204,12,听力损伤,脚部,致命,116162,275
1539,1738,887,擦伤,肩膀,重度,59794,59
1540,4244,200,烧伤,眼睛,中度,20172,45
1541,474,567,冲击伤,肩膀,重度,44437,67
1542,4950,755,中毒,颈椎,轻度,3509,2
1543,1751,260,肌肉拉伤,颈椎,轻度,1221,0
1544,1828,583,骨折,脚部,轻度,1355,8
1545,3718,730,肌肉拉伤,膝盖,中度,9618,40
1546,611,137,听力损伤,头部,中度,19363,10
1547,770,403,听力损伤,手部,轻度,4493,1
1548,4407,246,视力损伤,头部,中度,5240,45
1549,3034,210,压迫伤,颈椎,轻度,1349,7
1550,3905,567,听力损伤,膝盖,中度,7964,15
1551,1861,273,擦伤,膝盖,轻度,2613,5
1552,3685,374,窒息,肩膀,中度,12961,14
1553,2383,466,烧伤,头部,轻度,4954,10
1554,577,408,压迫伤,颈椎,重度,34511,45
1555,2426,33,听力损伤,背部,致命,66257,215
1556,2395,809,割伤,脚部,重度,46023,39
1557,1135,923,肌肉拉伤,腿部,重度,33837,76
1558,4746,799,窒息,手臂,致命,82060,309
1559,1910,676,听力损伤,膝盖,重度,78532,120
1560,2422,919,肌肉拉伤,手部,致命,127133,276
1561,1608,401,擦伤,膝盖,中度,19067,8
1562,2477,914,骨折,眼睛,中度,22046,42
1563,4823,955,压迫伤,膝盖,重度,20264,47
1564,1957,868,骨折,膝盖,重度,64274,53
1565,2182,356,听力损伤,手部,中度,22649,7
1566,1758,419,中毒,腿部,重度,33784,111
1567,1859,397,冲击伤,腰,致命,56108,175
1568,4401,652,冲击伤,眼睛,重度,21425,101
1569,2646,71,扭伤,眼睛,重度,55029,32
1570,3767,264,中毒,手部,轻度,4318,7
1571,3683,938,冲击伤,手部,中度,8508,14
1572,4018,245,视力损伤,眼睛,致命,77078,322
1573,3186,668,烧伤,眼睛,中度,16494,14
1574,2622,100,烧伤,膝盖,中度,17357,20
1575,1816,578,冲击伤,肩膀,致命,175779,359
1576,1381,981,冲击伤,背部,轻度,941,1
1577,3836,112,窒息,腰,轻度,1419,9
1578,3138,640,窒息,膝盖,重度,54507,68
1579,130,780,扭伤,腿部,中度,6870,43
1580,3497,996,骨折,眼睛,轻度,1215,1
1581,2632,848,割伤,胸部,重度,72962,36
1582,1790,979,窒息,腰,中度,10013,32
1583,727,845,肌肉拉伤,眼睛,重度,74540,94
1584,484,537,骨折,颈椎,中度,24302,30
1585,4499,972,骨折,腿部,重度,78446,81
1586,304,766,肌肉拉伤,膝盖,中度,5923,30
1587,1812,357,冲击伤,头部,致命,55287,279
1588,4133,410,视力损伤,颈椎,重度,58483,75
1589,332,37,割伤,腿部,致命,143889,175
1590,3993,228,压迫伤,眼睛,重度,42910,68
1591,1462,41,扭伤,背部,重度,51621,38
1592,122,61,烧伤,头部,中度,22580,26
1593,669,934,窒息,腰,轻度,4596,2
1594,2032,290,视力损伤,腿部,重度,41484,69
1595,1343,249,中毒,腿部,重度,32663,76
1596,1849,418,冲击伤,颈椎,轻度,3246,5
1597,1734,494,烧伤,膝盖,轻度,3932,3
1598,2572,578,肌肉拉伤,手臂,重度,32297,96
1599,2744,539,听力损伤,肩膀,重度,69054,108
1600,521,965,割伤,眼睛,致命,71590,248
1601,2695,306,压迫伤,头部,重度,62381,42
1602,4055,458,割伤,背部,致命,115070,156
1603,4264,65,冲击伤,背部,中度,19890,27
1604,1435,186,擦伤,肩膀,轻度,5891,0
1605,3709,326,肌肉拉伤,胸部,轻度,5375,1
1606,180,344,烧伤,眼睛,重度,42270,84
1607,815,419,烧伤,手臂,重度,64684,60
1608,4162,363,冲击伤,颈椎,中度,12962,31
1609,1371,373,听力损伤,肩膀,中度,18973,35
1610,2853,995,冲击伤,腿部,致命,145327,211
1611,3566,603,压迫伤,腿部,中度,14867,14
1612,3659,814,骨折,颈椎,致命,159610,311
1613,1853,916,压迫伤,头部,轻度,1546,6
1614,2902,593,擦伤,膝盖,轻度,3997,10
1615,174,447,扭伤,背部,致命,83915,237
1616,1157,947,肌肉拉伤,手部,中度,20189,15
1617,1777,892,骨折,腿部,轻度,2686,9
1618,178,991,视力损伤,肩膀,致命,56293,280
1619,1273,958,中毒,背部,致命,98743,288
1620,4785,954,压迫伤,手部,中度,12074,43
1621,4004,794,割伤,脚部,致命,83695,167
1622,4924,326,听力损伤,颈椎,重度,57215,78
1623,3592,328,擦伤,腰,中度,11508,39
1624,2685,352,中毒,膝盖,中度,23392,43
1625,2095,504,窒息,眼睛,致命,189121,319
1626,37,860,扭伤,胸部,轻度,4736,4
1627,3173,629,冲击伤,手臂,重度,41823,62
1628,4008,13,割伤,肩膀,中度,17975,37
1629,1016,48,扭伤,胸部,致命,82901,259
1630,2905,265,冲击伤,颈椎,中度,7820,21
1631,692,302,扭伤,手臂,重度,76840,89
1632,2043,745,冲击伤,颈椎,重度,73949,105
1633,192,361,扭伤,背部,重度,30309,33
1634,2876,793,扭伤,颈椎,重度,74542,52
1635,1092,746,割伤,背部,轻度,1859,0
1636,3584,582,擦伤,脚部,重度,65938,103
1637,167,780,骨折,颈椎,轻度,2953,10
1638,3980,353,擦伤,腿部,重度,30060,76
1639,2877,757,擦伤,腿部,轻度,4346,4
1640,5000,646,中毒,腰,重度,58174,101
1641,3710,868,割伤,胸部,致命,152337,201
1642,4965,789,骨折,背部,中度,13447,10
1643,4872,822,烧伤,颈椎,轻度,2731,9
1644,3544,554,压迫伤,眼睛,致命,122883,111
1645,2420,267,听力损伤,背部,重度,46244,73
1646,737,942,中毒,手臂,中度,22007,36
1647,572,8,压迫伤,手部,重度,78571,70
1648,3612,334,听力损伤,肩膀,致命,169912,175
1649,1799,114,压迫伤,颈椎,致命,176867,174
1650,3124,672,窒息,头部,中度,23859,19
1651,3109,673,压迫伤,头部,致命,108496,243
1652,2061,693,听力损伤,背部,致命,129893,221
1653,748,867,视力损伤,膝盖,轻度,4942,0
1654,2012,431,冲击伤,脚部,轻度,3549,10
1655,1590,212,窒息,颈椎,中度,24611,39
1656,4864,494,烧伤,膝盖,重度,27739,71
1657,1594,605,窒息,头部,轻度,747,3
1658,1023,764,视力损伤,手臂,轻度,3840,7
1659,2486,721,扭伤,脚部,致命,135312,175
1660,299,940,窒息,膝盖,轻度,4798,5
1661,355,509,听力损伤,胸部,重度,35437,118
1662,3123,974,视力损伤,腰,重度,61303,84
1663,818,330,骨折,腿部,中度,23411,22
1664,1521,326,窒息,背部,致命,119794,323
1665,3253,687,肌肉拉伤,背部,轻度,2289,3
1666,1688,895,压迫伤,脚部,致命,60371,203
1667,1804,999,烧伤,肩膀,轻度,1653,3
1668,111,149,烧伤,眼睛,重度,63935,95
1669,2724,194,骨折,腿部,重度,21745,43
1670,3412,94,扭伤,肩膀,轻度,5196,6
1671,3508,440,窒息,膝盖,重度,24312,93
1672,1417,607,听力损伤,背部,重度,38742,77
1673,3811,682,擦伤,膝盖,致命,153656,253
1674,3103,857,擦伤,膝盖,轻度,2514,8
1675,4648,625,冲击伤,脚部,重度,32571,45
1676,3986,518,擦伤,膝盖,中度,20507,33
1677,535,660,烧伤,眼睛,中度,6419,14
1678,4638,517,冲击伤,脚部,重度,47008,90
1679,3241,373,压迫伤,眼睛,致命,73625,128
1680,4368,402,窒息,肩膀,重度,40397,56
1681,4371,557,割伤,手部,轻度,5610,7
1682,2892,4,肌肉拉伤,腿部,轻度,5036,3
1683,905,581,中毒,颈椎,重度,35138,39
1684,4926,521,冲击伤,肩膀,致命,74117,286
1685,1818,806,烧伤,头部,致命,110632,98
1686,3148,94,视力损伤,颈椎,中度,20155,28
1687,4169,187,听力损伤,肩膀,重度,47062,120
1688,2629,966,擦伤,膝盖,中度,8828,38
1689,1922,466,冲击伤,腿部,重度,54342,93
1690,3624,772,窒息,头部,致命,143941,178
1691,2211,617,冲击伤,膝盖,中度,16859,27
1692,4052,942,擦伤,手臂,轻度,2753,2
1693,2710,221,压迫伤,膝盖,中度,13112,29
1694,4298,275,割伤,头部,重度,65618,75
1695,1018,258,烧伤,眼睛,致命,147739,184
1696,1457,388,擦伤,胸部,轻度,1571,10
1697,3278,118,肌肉拉伤,肩膀,致命,65911,112
1698,4263,489,割伤,手臂,中度,6614,9
1699,2424,97,烧伤,肩膀,中度,19047,34
1700,3122,307,肌肉拉伤,眼睛,致命,172749,342
1701,1535,63,听力损伤,头部,重度,47229,74
1702,3889,309,听力损伤,手部,轻度,3402,2
1703,199,250,听力损伤,手臂,中度,22502,16
1704,496,327,冲击伤,胸部,轻度,3247,7
1705,2318,339,扭伤,膝盖,轻度,4661,5
1706,3292,118,窒息,腿部,轻度,4203,0
1707,2708,934,烧伤,颈椎,致命,177885,286
1708,4614,193,冲击伤,手部,重度,44054,57
1709,1719,139,听力损伤,腿部,中度,17433,32
1710,3134,90,擦伤,肩膀,致命,118588,179
1711,372,707,中毒,头部,重度,50276,111
1712,3670,750,割伤,头部,重度,30929,84
1713,2831,741,窒息,膝盖,轻度,5407,5
1714,1723,68,中毒,脚部,中度,22958,9
1715,2342,900,窒息,膝盖,重度,72437,81
1716,2582,694,窒息,手臂,致命,111026,235
1717,4695,191,割伤,眼睛,中度,22311,21
1718,879,874,烧伤,头部,重度,59481,69
1719,3194,782,扭伤,膝盖,中度,14043,19
1720,4050,27,压迫伤,胸部,重度,79612,69
1721,1955,592,窒息,头部,中度,8440,10
1722,4810,150,压迫伤,腿部,中度,10720,37
1723,2939,869,擦伤,颈椎,致命,89288,186
1724,3176,575,肌肉拉伤,腿部,重度,49320,101
1725,1659,396,割伤,手部,轻度,5037,6
1726,2826,112,压迫伤,胸部,致命,152390,160
1727,121,39,冲击伤,头部,轻度,1819,5
1728,980,672,肌肉拉伤,手部,中度,22132,20
1729,1266,438,肌肉拉伤,脚部,致命,170510,176
1730,3534,470,窒息,颈椎,中度,19781,10
1731,1341,765,骨折,肩膀,重度,43582,51
1732,559,94,扭伤,膝盖,轻度,985,8
1733,4513,915,扭伤,胸部,中度,15706,17
1734,3827,254,视力损伤,膝盖,重度,51040,62
1735,3608,158,窒息,腰,致命,91892,212
1736,4907,396,扭伤,手臂,重度,40859,86
1737,4056,229,冲击伤,头部,轻度,2971,4
1738,2678,176,窒息,眼睛,重度,58419,52
1739,2160,9,割伤,腰,致命,110847,130
1740,1726,577,骨折,头部,重度,51965,61
1741,1205,545,擦伤,手臂,轻度,2891,5
1742,2763,886,擦伤,膝盖,重度,65102,88
1743,2886,691,割伤,头部,轻度,879,7
1744,2738,269,视力损伤,腿部,中度,8486,10
1745,4977,772,骨折,颈椎,致命,83224,301
1746,4212,792,视力损伤,手部,中度,19885,11
1747,3365,390,压迫伤,胸部,致命,125764,130
1748,1258,713,中毒,头部,致命,60592,216
1749,2786,205,扭伤,胸部,中度,13250,31
1750,1788,533,冲击伤,手部,中度,14176,40
1751,2660,292,骨折,胸部,重度,50435,33
1752,2448,150,肌肉拉伤,肩膀,轻度,2386,2
1753,2191,282,扭伤,颈椎,重度,24478,65
1754,176,644,扭伤,胸部,中度,14214,8
1755,2613,633,视力损伤,手臂,致命,109884,163
1756,2972,656,骨折,手臂,致命,122093,140
1757,2784,433,肌肉拉伤,手臂,中度,11093,25
1758,4545,769,骨折,膝盖,中度,20499,8
1759,1811,54,肌肉拉伤,脚部,重度,28031,80
1760,1689,688,烧伤,眼睛,中度,15236,10
1761,4471,822,割伤,手部,轻度,5088,5
1762,3696,957,擦伤,肩膀,中度,16509,44
1763,3725,3,骨折,胸部,中度,20613,31
1764,4634,234,擦伤,腰,轻度,5651,0
1765,1410,626,冲击伤,颈椎,致命,103729,230
1766,2242,740,骨折,脚部,轻度,4727,9
1767,4202,50,割伤,头部,重度,78597,72
1768,1928,667,割伤,眼睛,致命,137786,205
1769,3094,367,视力损伤,颈椎,中度,5034,35
1770,4869,933,骨折,脚部,致命,182909,183
1771,4069,85,割伤,肩膀,中度,8974,11
1772,2261,383,割伤,眼睛,轻度,2243,5
1773,3057,848,听力损伤,手臂,中度,10277,44
1774,16,469,肌肉拉伤,眼睛,重度,26282,91
1775,4029,643,骨折,头部,中度,19901,37
1776,742,971,肌肉拉伤,背部,中度,20721,37
1777,1386,912,骨折,脚部,致命,67657,352
1778,485,808,视力损伤,腰,致命,195575,334
1779,4048,271,擦伤,眼睛,中度,20695,11
1780,497,392,中毒,手部,轻度,1122,8
1781,2447,402,窒息,脚部,轻度,4175,9
1782,783,348,割伤,腰,轻度,4540,9
1783,2427,77,肌肉拉伤,手臂,中度,8281,17
1784,4552,446,窒息,肩膀,重度,70794,91
1785,2035,228,窒息,腰,中度,20801,27
1786,2525,747,压迫伤,腿部,中度,7251,43
1787,1692,122,视力损伤,脚部,轻度,4359,1
1788,2308,352,压迫伤,腰,致命,72690,262
1789,4293,717,压迫伤,背部,轻度,3498,3
1790,368,182,中毒,腿部,重度,65631,53
1791,3231,695,窒息,膝盖,轻度,2733,8
1792,334,386,烧伤,腰,致命,145790,288
1793,1086,203,烧伤,膝盖,中度,13586,9
1794,4109,197,窒息,腿部,重度,42560,114
1795,4999,50,中毒,头部,中度,24351,32
1796,4036,924,视力损伤,胸部,致命,122605,347
1797,4721,218,压迫伤,肩膀,致命,160749,273
1798,4433,546,窒息,脚部,轻度,1860,9
1799,1144,768,肌肉拉伤,头部,中度,9597,19
1800,1762,403,烧伤,胸部,重度,74302,93
1801,3145,805,听力损伤,腿部,致命,198089,326
1802,3115,630,冲击伤,眼睛,致命,86340,185
1803,42,634,肌肉拉伤,手臂,中度,14996,45
1804,4937,389,中毒,手部,重度,61072,63
1805,1675,161,窒息,头部,轻度,5121,8
1806,778,398,视力损伤,腿部,中度,20665,22
1807,4101,166,听力损伤,肩膀,重度,37693,112
1808,1786,15,冲击伤,手部,致命,195427,102
1809,1948,991,骨折,手部,致命,106367,242
1810,1283,305,中毒,头部,致命,129104,223
1811,2737,100,割伤,手臂,重度,64815,74
1812,4305,429,窒息,腿部,致命,182521,265
1813,464,444,骨折,背部,中度,11749,11
1814,3976,125,扭伤,肩膀,致命,53514,208
1815,240,764,视力损伤,手臂,重度,61998,106
1816,3451,903,窒息,手臂,轻度,3358,7
1817,897,776,窒息,肩膀,中度,20807,33
1818,75,445,骨折,胸部,中度,19809,38
1819,3546,440,窒息,眼睛,轻度,3206,3
1820,2337,464,骨折,腰,致命,102955,253
1821,844,672,听力损伤,眼睛,轻度,5213,9
1822,1419,962,骨折,手臂,轻度,3258,5
1823,964,932,扭伤,腰,轻度,2127,10
1824,3450,538,烧伤,眼睛,轻度,5850,1
1825,1930,789,冲击伤,颈椎,中度,18001,20
1826,95,791,扭伤,手部,致命,73347,232
1827,769,51,视力损伤,手臂,中度,21354,24
1828,2178,390,视力损伤,胸部,致命,190777,158
1829,4531,349,冲击伤,膝盖,致命,176306,158
1830,4533,100,烧伤,脚部,中度,18738,21
1831,3444,539,扭伤,眼睛,重度,47113,46
1832,45,527,烧伤,背部,中度,23393,37
1833,2457,645,压迫伤,膝盖,重度,52768,104
1834,570,562,扭伤,头部,重度,76098,91
1835,1114,928,冲击伤,手部,轻度,3083,9
1836,4383,946,骨折,腰,中度,14923,24
1837,330,496,擦伤,头部,重度,26978,30
1838,1379,9,窒息,颈椎,轻度,5655,0
1839,1868,130,骨折,颈椎,致命,108050,146
1840,657,879,听力损伤,腿部,轻度,3061,9
1841,2916,934,割伤,肩膀,轻度,4877,6
1842,2955,933,肌肉拉伤,肩膀,致命,84811,118
1843,3066,780,骨折,颈椎,致命,167179,309
1844,352,204,视力损伤,膝盖,轻度,2053,6
1845,3778,867,肌肉拉伤,眼睛,致命,52501,335
1846,1447,395,扭伤,胸部,重度,41643,33
1847,3387,845,冲击伤,腿部,中度,15406,44
1848,1269,123,烧伤,颈椎,致命,62802,320
1849,2189,515,肌肉拉伤,手臂,中度,19460,42
1850,3744,14,听力损伤,颈椎,致命,75963,305
1851,1520,772,窒息,背部,中度,9675,18
1852,2772,413,冲击伤,脚部,轻度,5507,5
1853,4554,623,骨折,手臂,中度,18679,10
1854,4410,416,扭伤,眼睛,轻度,4413,8
1855,723,92,骨折,眼睛,中度,5833,31
1856,1497,296,冲击伤,手部,致命,86851,271
1857,1277,150,中毒,背部,重度,65285,54
1858,2410,450,扭伤,腰,轻度,2785,7
1859,2081,907,骨折,脚部,中度,23943,25
1860,1113,165,骨折,背部,轻度,4827,3
1861,3639,179,骨折,肩膀,中度,5504,25
1862,4289,64,擦伤,腰,重度,59130,46
1863,3711,913,中毒,手臂,重度,41471,110
1864,183,189,割伤,背部,轻度,5324,0
1865,3879,856,擦伤,腿部,中度,12570,12
1866,288,75,骨折,背部,中度,6601,19
1867,2247,357,窒息,眼睛,致命,80621,258
1868,558,230,视力损伤,背部,重度,21426,79
1869,3013,137,听力损伤,手臂,中度,12810,35
1870,1789,773,肌肉拉伤,肩膀,轻度,2322,7
1871,749,81,听力损伤,膝盖,重度,29799,37
1872,2349,310,中毒,背部,重度,33884,46
1873,668,764,擦伤,颈椎,致命,154115,247
1874,461,827,窒息,肩膀,中度,19991,33
1875,4030,793,擦伤,头部,致命,80591,136
1876,4365,295,烧伤,腰,致命,181807,101
1877,4971,837,扭伤,脚部,致命,90723,196
1878,3197,728,扭伤,肩膀,致命,52938,91
1879,1994,845,视力损伤,头部,重度,31040,44
1880,616,767,听力损伤,手部,中度,20199,31
1881,13,936,中毒,膝盖,中度,18452,17
1882,989,699,割伤,眼睛,致命,172770,203
1883,589,5,烧伤,肩膀,重度,36610,99
1884,2562,595,割伤,腰,轻度,1115,1
1885,3446,382,擦伤,背部,致命,135851,94
1886,1353,73,冲击伤,肩膀,轻度,5985,2
1887,547,750,窒息,眼睛,中度,10563,26
1888,2391,492,压迫伤,手臂,致命,162601,255
1889,2803,489,冲击伤,脚部,致命,83326,96
1890,1767,775,压迫伤,腿部,轻度,2554,2
1891,4588,541,擦伤,脚部,重度,78498,47
1892,1136,492,割伤,手部,重度,31313,73
1893,1728,399,擦伤,膝盖,轻度,5137,0
1894,2873,614,冲击伤,颈椎,中度,11696,31
1895,1183,767,肌肉拉伤,手臂,重度,43773,79
1896,909,626,骨折,胸部,重度,66432,48
1897,426,705,听力损伤,背部,轻度,597,6
1898,4709,754,烧伤,腿部,重度,50167,30
1899,1010,750,视力损伤,膝盖,致命,143144,333
1900,4194,480,烧伤,肩膀,致命,99039,324
1901,2340,451,视力损伤,脚部,重度,71425,52
1902,4903,963,窒息,肩膀,重度,29416,34
1903,2055,204,扭伤,眼睛,中度,16801,31
1904,3452,433,擦伤,脚部,致命,69385,128
1905,544,819,割伤,胸部,中度,22299,43
1906,1132,64,压迫伤,脚部,致命,173495,120
1907,4243,732,中毒,背部,重度,42091,39
1908,3969,472,肌肉拉伤,背部,重度,66594,77
1909,861,736,窒息,肩膀,中度,11059,38
1910,3399,180,听力损伤,背部,重度,64204,116
1911,3301,118,听力损伤,眼睛,轻度,5517,5
1912,4745,642,压迫伤,手部,重度,54580,117
1913,707,793,视力损伤,眼睛,重度,41373,81
1914,3458,892,冲击伤,腰,中度,14778,40
1915,833,932,听力损伤,手臂,轻度,3395,10
1916,232,69,骨折,胸部,致命,152109,110
1917,4747,287,肌肉拉伤,手臂,重度,79373,64
1918,3217,677,擦伤,手部,轻度,1687,0
1919,423,649,中毒,脚部,中度,5752,38
1920,3510,968,扭伤,腿部,重度,76728,104
1921,3374,506,扭伤,眼睛,轻度,3183,6
1922,2904,846,烧伤,胸部,轻度,4453,0
1923,377,723,割伤,腿部,轻度,2329,4
1924,3469,400,扭伤,胸部,重度,48914,56
1925,3336,415,扭伤,头部,重度,29181,41
1926,1559,723,冲击伤,颈椎,重度,21512,39
1927,2190,570,中毒,脚部,重度,58838,62
1928,988,580,视力损伤,脚部,轻度,4724,1
1929,3992,213,压迫伤,背部,致命,114100,311
1930,3556,210,扭伤,颈椎,中度,8936,40
1931,2104,234,骨折,背部,轻度,3960,0
1932,187,368,压迫伤,手部,中度,9280,21
1933,3311,915,视力损伤,眼睛,中度,5655,35
1934,181,377,肌肉拉伤,手部,轻度,5060,9
1935,3674,267,窒息,腿部,重度,74186,54
1936,4269,978,烧伤,眼睛,轻度,2015,10
1937,3437,678,肌肉拉伤,肩膀,重度,42301,75
1938,4511,578,冲击伤,肩膀,中度,10068,8
1939,2614,543,压迫伤,脚部,中度,16615,16
1940,405,110,扭伤,胸部,轻度,1739,2
1941,2662,178,窒息,颈椎,中度,9892,20
1942,1588,267,压迫伤,头部,致命,142521,357
1943,2722,472,中毒,肩膀,中度,18126,32
1944,3427,776,听力损伤,手部,中度,20897,25
1945,2130,854,割伤,头部,致命,56659,317
1946,658,312,听力损伤,胸部,致命,199033,235
1947,4223,308,视力损伤,手部,致命,161655,142
1948,2495,868,肌肉拉伤,膝盖,中度,9496,33
1949,4417,878,扭伤,颈椎,重度,35131,51
1950,4179,901,听力损伤,膝盖,致命,134059,125
1951,3315,749,骨折,手部,轻度,4972,6
1952,1525,57,骨折,手部,重度,61496,57
1953,3281,414,视力损伤,背部,中度,12271,16
1954,2499,557,骨折,肩膀,重度,44112,100
1955,388,236,冲击伤,脚部,致命,80856,179
1956,4582,159,割伤,眼睛,轻度,3142,8
1957,656,110,冲击伤,眼睛,重度,69678,40
1958,3002,317,冲击伤,颈椎,重度,66240,89
1959,4083,773,中毒,膝盖,重度,32714,47
1960,3367,453,听力损伤,胸部,轻度,2261,2
1961,4596,127,擦伤,脚部,轻度,1435,9
1962,2283,188,中毒,头部,致命,127685,212
1963,3799,968,骨折,脚部,重度,24677,63
1964,4817,940,视力损伤,手部,致命,97429,130
1965,1553,600,冲击伤,手部,致命,176960,255
1966,190,492,扭伤,腿部,致命,112666,184
1967,2640,626,烧伤,手部,轻度,5603,5
1968,773,415,窒息,眼睛,致命,170152,117
1969,1586,852,窒息,手部,中度,5605,37
1970,3258,56,肌肉拉伤,手臂,致命,154574,92
1971,4098,478,压迫伤,胸部,致命,167933,242
1972,395,128,割伤,头部,重度,70664,49
1973,4080,862,肌肉拉伤,头部,重度,62275,92
1974,594,964,骨折,头部,中度,7995,26
1975,3965,360,骨折,膝盖,致命,198620,354
1976,3604,56,扭伤,背部,重度,79848,62
1977,2706,433,扭伤,脚部,致命,131594,152
1978,2584,37,扭伤,背部,重度,38052,37
1979,4376,936,割伤,脚部,致命,130353,225
1980,3999,924,擦伤,颈椎,重度,40436,92
1981,3801,999,窒息,头部,轻度,4911,8
1982,1985,788,冲击伤,肩膀,重度,79641,34
1983,3224,485,肌肉拉伤,腰,重度,45109,34
1984,2354,922,烧伤,膝盖,中度,12753,12
1985,1478,724,擦伤,眼睛,轻度,1584,10
1986,69,79,肌肉拉伤,头部,中度,13610,32
1987,3223,616,烧伤,颈椎,重度,76333,94
1988,4538,576,骨折,手部,致命,93779,132
1989,840,218,擦伤,胸部,致命,127087,318
1990,4993,406,割伤,手臂,中度,24970,18
1991,3051,185,擦伤,胸部,轻度,4538,0
1992,1361,225,窒息,背部,致命,116240,147
1993,2314,388,听力损伤,头部,重度,44983,57
1994,1503,315,窒息,脚部,轻度,751,6
1995,2239,303,割伤,头部,致命,58913,153
1996,2483,205,中毒,腿部,中度,24023,28
1997,2530,465,割伤,手臂,轻度,5986,5
1998,2259,307,中毒,眼睛,致命,84130,256
1999,3040,431,中毒,眼睛,重度,42277,106
2000,3962,581,压迫伤,手臂,轻度,5534,5
