claim_id,injury_id,employee_id,claim_date,claim_type,claim_amount,claim_status
1,734,435,2025-10-22,工伤保险,44179,已拒绝
2,1675,625,2026-06-15,伤残赔偿,133798,待审核
3,1019,18,2025-12-17,伤残赔偿,418524,已完成
4,256,919,2026-07-30,伤残赔偿,3077,已批准
5,1966,492,2026-08-25,医疗保险,442806,已批准
6,1419,826,2026-09-04,康复费用,108251,已支付
7,940,971,2026-07-24,工伤保险,49250,已完成
8,1424,794,2024-02-05,医疗保险,282968,审核中
9,1664,326,2026-06-04,康复费用,311985,审核中
10,651,333,2026-08-31,康复费用,107802,已支付
11,703,971,2026-09-02,误工费,6065,审核中
12,1187,148,2026-05-18,工伤保险,406550,已拒绝
13,1009,297,2025-08-12,医疗保险,308150,已支付
14,830,922,2025-08-06,医疗费用,127613,审核中
15,384,437,2025-07-18,医疗费用,43007,已拒绝
16,275,339,2026-09-06,医疗保险,8664,已拒绝
17,1793,203,2025-11-24,误工费,47561,待审核
18,1054,189,2026-08-07,工伤保险,8356,待审核
19,1208,191,2026-04-14,工伤保险,4032,已完成
20,317,527,2026-04-24,医疗保险,4207,待审核
21,1196,114,2026-07-11,伤残赔偿,146803,已批准
22,341,237,2026-07-26,工伤保险,273427,审核中
23,71,858,2026-07-29,康复费用,249433,审核中
24,1882,699,2026-06-07,误工费,268201,已完成
25,1343,833,2025-01-30,医疗保险,230661,已拒绝
26,1796,924,2026-06-10,误工费,217254,已拒绝
27,244,756,2026-02-08,误工费,304061,已拒绝
28,1149,760,2026-08-18,伤残赔偿,104330,待审核
29,898,945,2025-12-09,康复费用,491078,已批准
30,769,42,2024-07-26,康复费用,53384,审核中
31,405,587,2024-10-11,医疗费用,11915,已完成
32,779,659,2026-03-03,医疗保险,198284,已批准
33,377,143,2026-05-15,工伤保险,32106,已支付
34,946,137,2025-03-06,误工费,133999,已支付
35,22,408,2025-01-14,医疗保险,34590,已支付
36,1488,455,2026-05-20,工伤保险,172030,已支付
37,1787,122,2026-06-17,康复费用,4815,待审核
38,782,442,2026-06-29,伤残赔偿,190750,已拒绝
39,1782,348,2026-02-20,误工费,10705,已批准
40,785,393,2026-01-06,康复费用,11932,审核中
41,828,651,2026-01-16,康复费用,7598,已批准
42,1665,687,2026-05-04,误工费,8639,已完成
43,1354,501,2026-07-29,医疗保险,6673,已拒绝
44,1658,764,2026-04-12,伤残赔偿,8679,已批准
45,353,584,2026-04-07,伤残赔偿,146534,已拒绝
46,1586,766,2026-07-30,康复费用,44503,已批准
47,1722,150,2026-01-29,误工费,20421,已拒绝
48,400,253,2026-08-18,康复费用,8980,已批准
49,596,97,2025-04-26,工伤保险,1944,已支付
50,1292,749,2026-04-14,伤残赔偿,147810,待审核
51,1898,754,2026-08-02,误工费,117781,审核中
52,1268,155,2026-05-09,医疗费用,467248,审核中
53,1727,39,2022-05-06,工伤保险,4230,待审核
54,62,566,2026-06-15,医疗费用,495323,已完成
55,751,376,2026-06-24,医疗保险,90477,已完成
56,679,393,2026-07-21,医疗保险,364707,已完成
57,119,697,2026-09-04,误工费,139470,待审核
58,535,945,2026-03-08,医疗费用,120554,已拒绝
59,1226,193,2026-06-06,医疗保险,6255,已批准
60,89,273,2026-01-25,工伤保险,466887,待审核
61,1499,799,2025-09-05,工伤保险,344796,已批准
62,817,656,2026-08-27,康复费用,83057,审核中
63,176,87,2026-06-22,误工费,498208,审核中
64,1482,869,2026-07-19,康复费用,7178,已支付
65,910,472,2026-07-20,工伤保险,4153,审核中
66,1611,603,2026-02-24,误工费,22166,审核中
67,1415,409,2026-09-04,医疗保险,464540,已批准
68,466,798,2026-04-24,误工费,234085,已拒绝
69,923,681,2025-06-19,伤残赔偿,50659,已拒绝
70,790,331,2026-09-06,医疗保险,45532,已拒绝
71,115,892,2024-09-14,医疗保险,19007,已拒绝
72,373,19,2026-05-18,误工费,13068,审核中
73,178,448,2026-06-09,康复费用,17851,已批准
74,737,817,2025-07-08,医疗费用,486261,已批准
75,988,652,2026-03-03,医疗保险,464654,待审核
76,1945,854,2026-03-19,误工费,415891,待审核
77,218,383,2026-08-17,伤残赔偿,51140,审核中
78,781,540,2025-12-01,误工费,126750,审核中
79,585,638,2026-03-18,医疗费用,10022,待审核
80,1900,480,2026-08-29,伤残赔偿,355304,审核中
81,805,570,2026-08-03,工伤保险,118579,待审核
82,877,383,2026-04-24,伤残赔偿,432277,待审核
83,1763,3,2026-08-03,医疗费用,29132,已完成
84,722,988,2025-10-31,工伤保险,296541,已支付
85,511,304,2025-04-29,工伤保险,10013,已拒绝
86,1296,383,2026-07-17,伤残赔偿,149793,已完成
87,347,399,2026-07-09,伤残赔偿,29791,待审核
88,1807,166,2026-07-17,工伤保险,136321,待审核
89,1681,557,2024-08-20,医疗费用,7838,待审核
90,697,423,2026-04-26,工伤保险,88113,已批准
91,1147,562,2026-02-14,医疗保险,469300,已支付
92,766,312,2026-08-22,工伤保险,146682,已支付
93,1689,466,2025-07-13,医疗费用,64180,已拒绝
94,1006,272,2026-03-24,误工费,139648,已批准
95,1903,204,2026-03-06,医疗费用,59207,已完成
96,745,648,2025-02-08,工伤保险,493606,已拒绝
97,1342,446,2023-07-09,康复费用,444251,已完成
98,1030,991,2026-09-04,工伤保险,127759,已完成
99,1957,110,2026-08-31,康复费用,141890,审核中
100,167,321,2026-07-30,医疗保险,124494,待审核
101,266,542,2026-05-14,康复费用,10819,已拒绝
102,774,829,2025-02-25,康复费用,8041,已完成
103,277,749,2026-03-16,康复费用,324297,已完成
104,239,174,2026-09-08,医疗费用,5123,已支付
105,1642,789,2026-06-11,伤残赔偿,19875,已支付
106,1732,94,2026-01-05,康复费用,12699,审核中
107,1574,100,2026-06-09,康复费用,20787,已支付
108,1400,469,2026-07-20,医疗保险,126927,审核中
109,1561,401,2026-05-28,医疗保险,44225,已支付
110,1234,985,2026-01-25,医疗保险,5663,审核中
111,717,582,2026-08-24,误工费,64587,已批准
112,1587,357,2026-08-16,康复费用,205685,已批准
113,1646,942,2026-04-03,伤残赔偿,54323,审核中
114,1881,936,2026-03-04,工伤保险,51242,已完成
115,1737,229,2026-03-15,康复费用,7443,已拒绝
116,689,205,2026-08-08,误工费,64130,审核中
117,199,676,2025-05-01,医疗费用,14261,已完成
118,459,466,2024-12-12,康复费用,80745,已完成
119,1572,245,2026-08-08,医疗费用,195969,已批准
120,1699,97,2025-12-05,伤残赔偿,21381,待审核
121,1409,67,2025-06-10,医疗保险,404458,已批准
122,1023,205,2026-03-18,医疗费用,108705,已支付
123,942,423,2026-08-15,误工费,52138,已支付
124,835,691,2024-03-31,伤残赔偿,19218,已拒绝
125,1953,414,2025-06-10,误工费,10179,已支付
126,164,817,2024-12-30,医疗费用,7802,已拒绝
127,1688,966,2025-12-19,误工费,28459,已拒绝
128,1555,33,2026-07-04,误工费,236377,已完成
129,97,24,2025-01-25,医疗保险,28712,已完成
130,1979,936,2025-09-30,误工费,346511,待审核
131,458,119,2026-02-08,康复费用,416596,已拒绝
132,1024,996,2026-07-31,医疗费用,109666,待审核
133,499,316,2024-09-06,伤残赔偿,16025,已批准
134,748,333,2026-01-04,误工费,11370,待审核
135,1079,412,2025-11-10,误工费,218203,已批准
136,1914,892,2024-07-12,医疗费用,44370,已完成
137,1929,213,2025-10-25,工伤保险,357551,已支付
138,1490,971,2026-07-24,工伤保险,14146,审核中
139,972,991,2026-08-09,误工费,70258,已完成
140,645,987,2026-09-05,康复费用,88247,待审核
141,1231,962,2026-08-18,伤残赔偿,234727,已批准
142,422,550,2025-12-28,康复费用,23098,已支付
143,704,108,2025-11-11,误工费,185464,已批准
144,1568,652,2026-04-14,误工费,134253,已完成
145,1242,282,2026-06-18,医疗保险,394236,已批准
146,1937,678,2026-08-01,医疗费用,131190,待审核
147,580,833,2025-01-25,医疗费用,329634,待审核
148,1913,793,2023-08-20,伤残赔偿,60399,已拒绝
149,1036,779,2026-03-10,工伤保险,87946,已支付
150,1366,727,2026-07-25,医疗费用,13194,已拒绝
151,831,688,2026-08-30,误工费,384783,已完成
152,1281,764,2025-01-23,伤残赔偿,298886,已支付
153,1122,996,2026-07-31,伤残赔偿,473382,待审核
154,1810,305,2026-05-06,误工费,244548,已支付
155,235,410,2024-04-07,误工费,50140,已完成
156,698,589,2026-07-30,医疗费用,63135,已拒绝
157,1321,287,2025-01-15,医疗保险,125707,待审核
158,1640,646,2026-09-07,误工费,94686,已完成
159,1469,349,2026-09-07,康复费用,38883,审核中
160,1518,458,2026-02-22,医疗保险,31524,待审核
161,1262,304,2025-12-28,误工费,53093,已完成
162,7,942,2026-07-29,医疗保险,39603,审核中
163,41,913,2025-06-01,伤残赔偿,79803,已完成
164,1003,766,2026-05-15,医疗保险,329722,已批准
165,960,884,2025-02-05,医疗费用,19088,已完成
166,1972,128,2024-08-21,工伤保险,92728,已支付
167,1696,388,2026-04-11,误工费,2883,已完成
168,1525,812,2025-03-30,医疗保险,14059,已批准
169,117,605,2026-09-08,工伤保险,115219,审核中
170,1786,747,2025-03-17,医疗费用,55893,待审核
171,1022,597,2026-07-30,误工费,50456,已批准
172,731,288,2025-10-11,康复费用,125794,已支付
173,1994,315,2025-09-08,伤残赔偿,3795,已拒绝
174,1785,228,2026-09-04,误工费,35540,审核中
175,628,146,2025-04-09,医疗保险,52215,已拒绝
176,1578,640,2025-04-18,误工费,139286,待审核
177,337,598,2026-09-06,医疗费用,2396,审核中
178,1341,361,2026-06-25,医疗保险,16529,已支付
179,710,879,2026-03-08,康复费用,129456,已支付
180,1029,893,2026-07-03,工伤保险,34853,已支付
181,604,683,2026-04-19,医疗费用,372452,已支付
182,602,275,2026-08-27,医疗保险,45561,已支付
183,1575,578,2026-07-16,康复费用,406088,已批准
184,236,775,2026-06-19,工伤保险,41801,已支付
185,1660,940,2026-07-06,康复费用,10152,已完成
186,953,634,2025-09-20,医疗保险,81346,已支付
187,822,703,2026-09-05,伤残赔偿,137766,已拒绝
188,970,886,2023-12-08,康复费用,136029,已批准
189,23,674,2026-06-06,康复费用,420759,已拒绝
190,1105,525,2026-07-11,医疗保险,9864,已完成
191,1628,13,2025-10-04,工伤保险,45440,已完成
192,1254,210,2025-06-09,医疗费用,16905,审核中
193,1007,711,2026-05-21,康复费用,43384,待审核
194,47,388,2025-10-25,伤残赔偿,128734,已完成
195,157,789,2026-08-22,伤残赔偿,7152,已批准
196,1203,565,2026-06-17,伤残赔偿,383658,已批准
197,860,926,2026-06-19,误工费,59156,审核中
198,485,17,2026-08-18,工伤保险,130165,已批准
199,1108,936,2026-01-16,医疗保险,29091,已批准
200,967,362,2026-06-06,工伤保险,242826,已拒绝
201,1588,410,2024-10-13,伤残赔偿,77985,审核中
202,568,398,2026-08-23,工伤保险,23727,已支付
203,295,766,2026-08-22,医疗费用,5324,已拒绝
204,1733,915,2026-03-31,医疗保险,56556,已拒绝
205,1361,253,2024-06-02,医疗保险,12872,已拒绝
206,838,488,2026-03-04,伤残赔偿,5592,已拒绝
207,1987,616,2026-09-07,误工费,59046,已完成
208,38,590,2023-07-31,误工费,95009,已支付
209,121,342,2026-01-09,工伤保险,130102,审核中
210,1617,892,2026-08-20,康复费用,9152,审核中
211,730,438,2026-08-22,工伤保险,7353,待审核
212,481,972,2024-10-12,伤残赔偿,355961,已完成
213,567,839,2025-12-06,医疗费用,408778,已批准
214,368,831,2025-02-24,伤残赔偿,16717,审核中
215,1237,22,2026-05-11,伤残赔偿,125613,审核中
216,1775,643,2025-12-13,康复费用,56555,已支付
217,1062,113,2026-08-19,伤残赔偿,68953,已批准
218,1157,877,2026-08-29,伤残赔偿,54177,已拒绝
219,1678,517,2026-06-18,误工费,96403,已拒绝
220,1844,204,2026-07-25,医疗保险,10570,已批准
221,1728,672,2024-07-28,伤残赔偿,39659,已支付
222,1755,633,2025-04-27,工伤保险,396881,已支付
223,1996,205,2026-09-08,医疗保险,45505,已完成
224,183,114,2026-09-08,医疗费用,13862,已批准
225,918,486,2026-08-16,伤残赔偿,143560,已批准
226,1697,118,2023-07-12,医疗费用,216413,已支付
227,1984,922,2025-08-28,伤残赔偿,36786,已批准
228,1865,856,2026-08-29,医疗保险,14546,已支付
229,856,622,2026-09-04,医疗保险,146314,已拒绝
230,1644,554,2024-08-30,伤残赔偿,491776,已完成
231,1619,958,2025-06-23,误工费,490828,已拒绝
232,892,109,2026-01-25,医疗保险,75036,已支付
233,410,386,2026-06-16,工伤保险,154614,审核中
234,1701,63,2025-11-05,误工费,121223,审核中
235,1214,827,2026-02-17,康复费用,117659,审核中
236,1323,877,2025-10-18,伤残赔偿,324710,待审核
237,1055,170,2026-04-25,伤残赔偿,2007,已拒绝
238,640,116,2025-09-17,康复费用,14244,已完成
239,875,167,2026-06-14,医疗保险,13503,已拒绝
240,1184,351,2026-01-15,伤残赔偿,327806,已拒绝
241,518,445,2026-08-10,误工费,33743,已完成
242,169,370,2026-04-24,伤残赔偿,142107,已批准
243,592,150,2024-04-08,医疗保险,60401,待审核
244,498,394,2026-02-20,伤残赔偿,52771,已拒绝
245,441,79,2026-06-14,工伤保险,64009,已支付
246,1319,539,2026-08-14,伤残赔偿,104020,审核中
247,1141,395,2026-03-02,医疗费用,54437,已完成
248,326,848,2026-08-01,误工费,28344,已完成
249,453,858,2026-03-26,伤残赔偿,331950,已批准
250,1300,940,2026-04-22,误工费,193603,审核中
251,1235,435,2026-01-15,医疗费用,6993,已拒绝
252,767,191,2023-01-31,医疗保险,56469,审核中
253,1899,750,2026-06-24,康复费用,117476,审核中
254,1830,100,2026-09-06,伤残赔偿,33685,已支付
255,1350,760,2025-12-17,误工费,108112,已拒绝
256,1453,430,2025-07-27,误工费,10185,审核中
257,832,902,2026-02-14,医疗保险,43367,待审核
258,1566,419,2026-05-20,误工费,62422,已支付
259,290,187,2026-07-13,康复费用,2824,已完成
260,1124,58,2026-04-13,伤残赔偿,11799,审核中
261,655,462,2025-06-24,工伤保险,10125,审核中
262,455,136,2024-12-01,医疗费用,126226,待审核
263,1232,680,2025-08-15,工伤保险,14801,待审核
264,1753,282,2026-07-25,康复费用,123929,已完成
265,356,172,2026-08-30,康复费用,17411,已完成
266,412,624,2025-05-25,医疗费用,45879,待审核
267,1143,408,2025-02-17,医疗保险,6022,待审核
268,1924,400,2026-05-12,医疗保险,143719,已拒绝
269,1912,642,2026-07-29,伤残赔偿,116781,待审核
270,1116,681,2026-06-16,康复费用,113588,已批准
271,1454,413,2025-12-10,医疗保险,8227,待审核
272,1776,971,2026-08-03,误工费,36632,已完成
273,64,996,2025-10-23,伤残赔偿,2338,审核中
274,810,236,2025-09-01,医疗保险,12616,已批准
275,1827,51,2026-06-16,工伤保险,46428,审核中
276,1325,734,2026-06-15,康复费用,154920,已拒绝
277,583,799,2025-12-09,工伤保险,132651,待审核
278,1858,450,2026-07-27,工伤保险,7203,已完成
279,1298,243,2026-06-17,误工费,2994,已支付
280,369,76,2026-08-22,工伤保险,30805,待审核
281,1133,149,2026-08-10,医疗保险,80986,审核中
282,1146,173,2026-04-20,工伤保险,475037,审核中
283,138,706,2026-08-25,医疗费用,3209,审核中
284,1590,228,2026-09-05,医疗费用,137285,已批准
285,1379,535,2024-09-17,医疗保险,22316,已支付
286,1197,404,2026-05-14,工伤保险,304180,审核中
287,1443,307,2026-02-09,医疗费用,50668,已完成
288,1894,614,2026-06-24,误工费,16157,已支付
289,1841,934,2024-08-16,伤残赔偿,2689,已支付
290,1089,462,2026-06-06,误工费,93541,已批准
291,426,723,2026-05-16,康复费用,147104,已拒绝
292,893,22,2026-09-06,伤残赔偿,374668,已拒绝
293,1524,417,2026-04-27,误工费,14136,待审核
294,433,265,2026-08-24,伤残赔偿,304732,已支付
295,92,124,2026-08-27,医疗保险,45047,已批准
296,924,432,2025-05-29,医疗保险,148379,已拒绝
297,1458,92,2026-05-10,工伤保险,54206,已支付
298,313,899,2025-03-19,医疗保险,293229,审核中
299,438,991,2026-08-08,医疗费用,122544,待审核
300,851,674,2026-09-07,医疗费用,380039,审核中
301,93,335,2022-08-11,康复费用,86882,待审核
302,234,892,2025-04-30,医疗费用,237813,已支付
303,1475,530,2026-09-08,医疗保险,60896,已拒绝
304,114,602,2026-04-18,康复费用,59047,审核中
305,1815,764,2026-06-16,工伤保险,97546,审核中
306,367,697,2025-09-07,康复费用,54352,已拒绝
307,1726,112,2026-03-07,伤残赔偿,460493,已批准
308,1754,644,2026-09-04,伤残赔偿,13826,已拒绝
309,639,159,2026-09-04,工伤保险,271810,待审核
310,80,148,2026-08-14,医疗保险,11761,待审核
311,34,846,2026-05-28,误工费,269159,审核中
312,1338,424,2026-04-17,康复费用,392311,审核中
313,1385,515,2026-07-06,康复费用,128892,已完成
314,14,905,2026-08-08,康复费用,181192,待审核
315,1721,592,2026-08-09,伤残赔偿,30202,审核中
316,249,69,2024-07-24,医疗费用,217898,待审核
317,642,806,2026-08-20,误工费,294096,已拒绝
318,726,948,2026-09-02,伤残赔偿,133705,已批准
319,780,11,2026-01-25,误工费,305873,已完成
320,1155,638,2026-08-04,医疗费用,374747,待审核
321,1813,444,2026-02-19,康复费用,28770,审核中
322,482,689,2024-01-25,康复费用,11460,已支付
323,729,511,2024-12-13,工伤保险,480935,审核中
324,796,981,2026-08-30,伤残赔偿,13971,已支付
325,1531,704,2025-10-10,医疗费用,31799,已支付
326,1973,862,2026-08-11,伤残赔偿,101892,审核中
327,1975,360,2025-05-02,误工费,301439,已批准
328,1493,483,2026-04-04,工伤保险,12924,已支付
329,245,906,2026-03-27,伤残赔偿,168480,待审核
330,1213,769,2026-07-30,康复费用,3598,审核中
331,1867,357,2026-06-12,医疗费用,232191,待审核
332,1759,54,2026-03-12,误工费,64406,已支付
333,555,590,2024-12-27,医疗费用,113049,审核中
334,463,527,2025-12-18,医疗费用,14160,审核中
335,493,667,2026-05-03,伤残赔偿,163394,审核中
336,1228,627,2026-06-18,误工费,98343,已批准
337,1470,963,2026-09-06,医疗保险,10293,已完成
338,1982,788,2026-08-27,医疗费用,124778,已支付
339,1731,765,2024-07-15,康复费用,96684,已支付
340,1238,206,2026-05-11,工伤保险,12863,审核中
341,1345,969,2026-08-22,医疗费用,13650,已支付
342,5,427,2025-10-24,医疗费用,230528,已拒绝
343,702,424,2026-08-09,误工费,332600,待审核
344,547,2,2026-09-02,康复费用,134970,已批准
345,336,322,2026-02-14,医疗费用,56396,审核中
346,1295,23,2024-05-02,康复费用,144060,审核中
347,1923,723,2025-12-03,工伤保险,9883,已批准
348,1181,732,2026-04-10,工伤保险,34554,已完成
349,200,124,2026-09-06,工伤保险,104741,待审核
350,605,320,2025-03-25,康复费用,408125,已拒绝
351,935,569,2026-09-01,误工费,114793,已拒绝
352,1580,996,2026-08-22,医疗费用,12667,已批准
353,1078,356,2026-07-30,医疗保险,50054,已批准
354,1000,246,2026-06-17,康复费用,19214,已完成
355,938,751,2026-07-27,医疗费用,11706,审核中
356,971,854,2026-07-08,医疗费用,438118,已完成
357,1109,490,2025-08-29,医疗费用,13528,已完成
358,181,40,2025-02-01,工伤保险,59389,已批准
359,541,610,2026-07-07,医疗保险,76082,已批准
360,68,695,2025-10-16,工伤保险,34473,已支付
361,1265,528,2026-06-22,伤残赔偿,58453,已支付
362,451,211,2026-09-06,误工费,9196,已拒绝
363,439,708,2025-10-18,医疗保险,6516,待审核
364,86,653,2025-10-16,误工费,89611,已支付
365,416,920,2025-03-04,工伤保险,66238,已批准
366,1710,90,2026-02-10,伤残赔偿,321804,已完成
367,1486,530,2026-08-12,康复费用,61414,待审核
368,1691,617,2024-06-08,康复费用,21798,已支付
369,542,467,2026-07-16,误工费,5864,审核中
370,286,99,2025-10-23,工伤保险,118990,已批准
371,1897,705,2026-05-23,医疗保险,11246,已支付
372,1626,860,2026-05-16,医疗费用,8345,已支付
373,1797,218,2025-07-13,医疗费用,477164,已拒绝
374,1331,877,2026-06-06,工伤保险,37031,待审核
375,17,374,2026-06-06,工伤保险,43897,审核中
376,1324,144,2024-08-11,工伤保险,8220,已拒绝
377,77,351,2026-09-06,伤残赔偿,98278,已拒绝
378,699,805,2024-08-23,工伤保险,10131,审核中
379,49,425,2024-10-19,医疗保险,146929,已完成
380,284,214,2025-07-04,误工费,7243,已拒绝
381,27,760,2025-10-22,工伤保险,6420,已支付
382,889,660,2026-09-07,误工费,20973,审核中
383,472,181,2026-02-13,工伤保险,40485,已批准
384,1220,107,2026-01-26,工伤保险,139051,审核中
385,1667,999,2026-05-28,医疗保险,7174,已批准
386,383,867,2026-05-13,工伤保险,12866,待审核
387,1378,521,2023-09-03,医疗费用,83184,已批准
388,1389,78,2025-10-23,工伤保险,216672,已批准
389,879,778,2026-01-09,医疗保险,4674,已批准
390,1874,827,2026-08-21,医疗费用,50650,审核中
391,1410,323,2026-07-21,康复费用,72095,已支付
392,374,495,2025-10-13,误工费,183700,已拒绝
393,573,373,2026-03-10,医疗费用,13996,审核中
394,1700,307,2026-04-10,工伤保险,204026,审核中
395,1932,368,2025-04-26,医疗费用,55839,已支付
396,1069,769,2026-01-10,康复费用,116928,已完成
397,177,915,2025-12-03,工伤保险,105822,审核中
398,190,603,2024-03-13,医疗费用,337721,已拒绝
399,390,625,2026-05-02,医疗费用,4861,审核中
400,931,969,2025-12-01,医疗保险,10482,已支付
401,693,834,2025-08-06,工伤保险,31293,已完成
402,1783,77,2025-11-26,康复费用,38860,审核中
403,1613,916,2024-06-13,伤残赔偿,12894,已拒绝
404,55,858,2026-04-26,误工费,35934,已批准
405,429,561,2026-04-23,医疗费用,138395,已完成
406,1315,778,2026-06-13,医疗费用,137461,已支付
407,1052,736,2026-08-27,工伤保险,45780,已拒绝
408,1717,191,2025-11-25,医疗费用,43370,已完成
409,620,596,2026-07-16,康复费用,147902,已拒绝
410,452,964,2026-01-03,康复费用,122757,审核中
411,1461,537,2025-11-10,康复费用,146006,已支付
412,324,879,2024-09-25,医疗费用,164888,已拒绝
413,553,159,2026-06-14,医疗费用,4206,审核中
414,467,935,2026-07-25,伤残赔偿,157559,待审核
415,430,886,2024-05-23,伤残赔偿,56197,已拒绝
416,673,913,2025-05-15,工伤保险,13462,待审核
417,1773,848,2025-12-28,误工费,59270,已拒绝
418,209,182,2026-04-08,医疗保险,27166,审核中
419,626,38,2026-06-16,康复费用,21939,已支付
420,436,920,2025-07-29,误工费,99170,待审核
421,1233,334,2026-05-09,误工费,1578,审核中
422,1048,345,2026-08-24,医疗费用,248870,审核中
423,1398,440,2026-03-31,医疗保险,83673,已支付
424,994,511,2026-08-10,误工费,120642,已批准
425,1064,841,2026-08-27,医疗费用,11904,审核中
426,243,28,2026-08-22,工伤保险,25591,已支付
427,113,80,2025-05-02,医疗保险,75941,已支付
428,1076,646,2026-09-07,伤残赔偿,76135,审核中
429,494,172,2026-08-29,医疗费用,468113,已完成
430,212,303,2026-02-03,医疗保险,10168,已拒绝
431,134,794,2024-10-19,误工费,26772,已批准
432,318,960,2023-05-12,医疗保险,9115,已完成
433,919,76,2026-05-20,康复费用,4652,已支付
434,370,752,2026-06-25,伤残赔偿,7495,已批准
435,1449,363,2025-01-27,工伤保险,414304,待审核
436,1802,630,2026-09-08,医疗费用,497378,已完成
437,765,222,2026-06-11,康复费用,87757,已批准
438,1412,812,2024-11-21,伤残赔偿,12238,待审核
439,885,644,2026-09-05,误工费,34834,待审核
440,857,457,2026-06-24,医疗费用,206108,待审核
441,1158,292,2025-10-21,医疗保险,218506,已拒绝
442,1423,319,2026-04-17,工伤保险,6164,已拒绝
443,531,820,2025-12-14,伤残赔偿,302206,待审核
444,175,343,2024-11-11,伤残赔偿,135235,已完成
445,677,767,2025-09-02,误工费,35201,已批准
446,909,208,2025-09-29,医疗保险,466126,审核中
447,853,334,2026-04-23,工伤保险,2114,已支付
448,685,564,2026-09-08,误工费,100822,已批准
449,101,656,2026-08-28,误工费,88397,已完成
450,163,92,2026-05-17,医疗保险,16163,待审核
451,301,506,2026-06-11,康复费用,31453,审核中
452,291,355,2026-06-13,伤残赔偿,394165,已拒绝
453,1883,5,2026-09-06,医疗费用,91171,已拒绝
454,771,354,2025-09-18,医疗保险,6471,已支付
455,1477,855,2025-12-04,医疗保险,68720,审核中
456,104,789,2025-12-19,伤残赔偿,11775,已拒绝
457,1199,355,2026-01-10,康复费用,283504,已拒绝
458,1997,465,2026-01-08,误工费,2934,待审核
459,172,432,2026-02-18,康复费用,19187,待审核
460,503,410,2025-07-17,伤残赔偿,12413,已完成
461,1414,721,2026-09-07,康复费用,51436,审核中
462,2,364,2026-09-02,医疗保险,344125,已批准
463,1571,938,2026-02-14,康复费用,39548,已支付
464,440,56,2026-03-13,医疗保险,269562,已完成
465,1537,575,2024-09-23,工伤保险,8107,已拒绝
466,1276,806,2026-08-15,医疗费用,436462,已拒绝
467,1365,121,2026-02-09,误工费,140301,审核中
468,1492,259,2026-05-27,康复费用,6060,已拒绝
469,1725,396,2026-08-23,医疗费用,3501,已批准
470,193,348,2025-11-24,工伤保险,170810,已拒绝
471,205,200,2026-04-24,误工费,34934,待审核
472,443,97,2025-11-10,工伤保险,24892,审核中
473,1322,379,2026-05-17,误工费,220823,已批准
474,1239,442,2026-06-06,医疗保险,12056,已支付
475,1840,879,2022-10-22,伤残赔偿,6834,待审核
476,1186,161,2026-07-23,康复费用,175022,已支付
477,1880,767,2024-08-31,伤残赔偿,56035,审核中
478,1202,882,2025-07-30,康复费用,130910,已批准
479,974,612,2026-09-07,医疗保险,4857,已完成
480,886,539,2026-09-04,误工费,14158,已批准
481,775,124,2026-09-02,误工费,62989,已批准
482,764,692,2026-09-01,伤残赔偿,37639,审核中
483,320,943,2026-04-10,康复费用,35615,已完成
484,1706,118,2025-07-08,医疗保险,13641,已批准
485,1893,399,2026-08-23,医疗费用,1244,已支付
486,629,669,2026-08-20,误工费,274856,已拒绝
487,228,596,2025-11-01,康复费用,4017,审核中
488,1464,133,2026-06-25,伤残赔偿,68876,已完成
489,993,312,2026-09-05,误工费,9593,已批准
490,834,623,2026-08-25,医疗保险,59675,已支付
491,1127,978,2026-08-17,伤残赔偿,116051,已支付
492,1862,64,2026-06-01,医疗费用,103904,已完成
493,1336,271,2026-08-10,伤残赔偿,2578,已支付
494,1416,300,2024-09-01,误工费,136494,已批准
495,799,573,2025-02-03,医疗费用,65404,已支付
496,700,553,2026-07-22,伤残赔偿,31746,已批准
497,833,407,2025-08-01,医疗保险,29579,已拒绝
498,1963,968,2025-12-23,医疗费用,92124,待审核
499,20,98,2025-03-29,医疗费用,7335,待审核
500,304,956,2023-09-14,医疗保险,12720,已支付
501,1740,577,2025-07-14,伤残赔偿,61875,已完成
502,723,40,2026-05-23,工伤保险,51178,审核中
503,742,244,2024-04-07,医疗保险,116601,已拒绝
504,404,573,2026-08-01,康复费用,2374,已支付
505,985,376,2026-04-04,误工费,39225,待审核
506,1209,415,2026-06-28,医疗费用,53236,待审核
507,1500,392,2026-02-06,康复费用,29967,待审核
508,380,490,2025-05-12,康复费用,128755,已完成
509,285,769,2026-02-26,医疗保险,139179,待审核
510,595,977,2025-11-24,康复费用,142467,审核中
511,1956,159,2026-06-10,工伤保险,11429,审核中
512,866,188,2026-07-11,误工费,54364,已拒绝
513,600,230,2026-05-02,工伤保险,73807,待审核
514,1514,170,2025-01-17,医疗保险,18869,待审核
515,65,182,2025-07-08,康复费用,57044,已完成
516,100,65,2025-03-04,康复费用,92174,待审核
517,192,740,2026-09-02,工伤保险,10791,已完成
518,800,539,2026-09-01,误工费,133886,待审核
519,1962,188,2025-12-26,伤残赔偿,289673,已支付
520,350,118,2025-05-27,医疗费用,411200,已完成
521,713,666,2026-07-24,误工费,257929,已完成
522,865,185,2026-09-07,康复费用,335703,已拒绝
523,357,991,2026-09-08,误工费,16854,审核中
524,1497,207,2026-06-22,伤残赔偿,3922,待审核
525,1396,324,2026-03-15,医疗费用,13892,已批准
526,668,810,2026-07-01,伤残赔偿,251659,已批准
527,678,473,2026-09-07,康复费用,30114,已支付
528,1821,672,2025-01-25,医疗费用,4685,已完成
529,929,895,2026-09-08,工伤保险,129656,待审核
530,1043,908,2026-06-28,伤残赔偿,106882,已拒绝
531,149,187,2026-09-07,医疗费用,11036,待审核
532,319,761,2026-07-31,伤残赔偿,23893,已完成
533,1670,94,2026-08-18,伤残赔偿,3629,已拒绝
534,81,49,2026-04-08,误工费,13119,已完成
535,1970,56,2025-12-27,误工费,143236,已支付
536,352,219,2025-04-21,医疗保险,90271,已完成
537,1709,139,2026-02-26,医疗费用,57879,已支付
538,10,814,2026-04-16,工伤保险,84316,已完成
539,661,833,2026-07-29,康复费用,54185,已完成
540,1372,254,2026-07-18,医疗费用,64437,待审核
541,1429,405,2025-02-09,误工费,2002,已批准
542,105,543,2026-07-02,医疗保险,145148,已拒绝
543,641,833,2026-07-25,康复费用,49981,已支付
544,1622,326,2026-07-28,误工费,128282,已拒绝
545,1794,197,2026-08-02,伤残赔偿,120022,已完成
546,1075,172,2026-08-19,误工费,11856,已批准
547,951,12,2026-08-16,工伤保险,481650,审核中
548,1908,472,2026-09-01,医疗保险,109831,已完成
549,1695,258,2026-04-20,康复费用,219002,已拒绝
550,1428,762,2025-05-28,医疗费用,248156,审核中
551,1553,466,2026-08-07,康复费用,9628,已拒绝
552,61,80,2026-01-28,康复费用,10946,已完成
553,949,412,2026-01-04,康复费用,6286,已完成
554,274,700,2026-03-07,伤残赔偿,25534,已批准
555,754,899,2026-09-03,工伤保险,125185,已完成
556,1837,496,2025-10-01,工伤保险,130232,已拒绝
557,551,851,2026-07-27,医疗保险,82251,待审核
558,1985,724,2024-08-26,医疗费用,8284,审核中
559,1501,101,2025-10-21,医疗费用,59309,已支付
560,46,130,2026-06-11,医疗费用,71661,已完成
561,393,445,2026-04-10,伤残赔偿,40544,已拒绝
562,419,407,2026-08-11,伤残赔偿,142673,已拒绝
563,1222,585,2026-05-23,伤残赔偿,148104,待审核
564,1976,56,2026-08-22,误工费,72089,已拒绝
565,379,502,2026-08-18,康复费用,9952,已支付
566,106,854,2026-09-08,医疗保险,297405,待审核
567,969,230,2026-07-26,医疗保险,137183,已支付
568,349,771,2026-08-18,误工费,305550,已完成
569,820,882,2025-02-02,医疗保险,55707,已支付
570,1066,1,2026-07-06,医疗费用,472573,已支付
571,154,936,2025-09-26,医疗费用,15577,审核中
572,321,961,2026-03-02,医疗费用,428801,已完成
573,1648,334,2026-05-28,伤残赔偿,200180,已完成
574,944,225,2026-08-09,误工费,65920,待审核
575,210,206,2025-02-22,康复费用,118960,已批准
576,654,328,2025-05-14,康复费用,241838,已批准
577,271,115,2026-09-06,工伤保险,195531,已拒绝
578,818,119,2025-01-16,医疗保险,13436,已完成
579,690,854,2026-07-30,误工费,80677,审核中
580,180,618,2026-04-01,医疗费用,51822,已拒绝
581,1939,543,2025-04-27,伤残赔偿,45169,已支付
582,310,161,2026-07-02,医疗费用,2219,已完成
583,1487,633,2026-01-25,康复费用,30969,已完成
584,1910,180,2024-09-06,工伤保险,64134,审核中
585,863,825,2026-04-27,伤残赔偿,258048,已批准
586,1687,187,2025-06-15,医疗保险,135117,待审核
587,1085,646,2026-09-07,康复费用,11263,已拒绝
588,251,797,2026-08-23,医疗保险,152015,待审核
589,1907,732,2026-08-21,工伤保险,91483,待审核
590,449,685,2025-02-07,医疗保险,61842,已完成
591,1302,65,2026-08-10,康复费用,100245,已批准
592,1330,423,2026-03-07,医疗费用,223172,已拒绝
593,603,324,2026-09-06,医疗保险,10141,待审核
594,757,163,2026-08-26,误工费,270087,已支付
595,146,622,2026-07-05,医疗保险,236609,待审核
596,1608,363,2026-01-02,误工费,56738,已批准
597,1251,424,2026-07-19,工伤保险,476541,审核中
598,48,416,2026-08-12,医疗费用,397426,已拒绝
599,1252,232,2026-08-17,医疗保险,5623,已批准
600,556,473,2026-09-08,工伤保险,490563,待审核
601,63,404,2026-08-12,医疗费用,77929,已完成
602,964,834,2026-09-01,医疗保险,48796,已拒绝
603,1918,677,2025-10-25,医疗保险,4131,已批准
604,1434,178,2026-06-28,医疗保险,290531,已批准
605,804,114,2026-05-23,医疗保险,127391,已完成
606,789,921,2024-08-25,康复费用,127962,审核中
607,148,929,2026-07-03,医疗费用,36920,待审核
608,203,685,2025-10-10,医疗保险,276641,已支付
609,1413,636,2025-07-11,康复费用,5662,待审核
610,1444,37,2025-11-11,医疗费用,47723,已批准
611,1392,258,2026-08-19,医疗保险,24503,已拒绝
612,854,665,2026-08-07,医疗费用,139066,已拒绝
613,612,354,2024-01-10,伤残赔偿,108835,已批准
614,487,323,2025-05-20,医疗费用,103884,审核中
615,335,946,2025-01-15,误工费,276640,已批准
616,18,612,2025-10-19,工伤保险,2132,已拒绝
617,1175,991,2026-08-22,伤残赔偿,266640,已拒绝
618,1092,924,2024-12-24,医疗费用,2996,已批准
619,867,994,2026-08-25,误工费,33922,待审核
620,1656,494,2026-07-19,误工费,131921,审核中
621,894,356,2026-08-26,误工费,9351,已支付
622,1111,637,2024-03-15,伤残赔偿,9075,待审核
623,1847,845,2026-06-03,医疗保险,43737,待审核
624,391,196,2025-12-11,康复费用,116045,待审核
625,1625,504,2026-08-28,医疗费用,415348,已批准
626,1025,186,2026-09-03,工伤保险,11300,已批准
627,987,122,2026-08-28,康复费用,52009,已拒绝
628,1032,865,2026-05-11,误工费,138713,已完成
629,545,8,2026-08-08,医疗保险,13940,已批准
630,708,963,2026-08-01,工伤保险,17178,待审核
631,1406,52,2026-08-17,医疗费用,146926,已拒绝
632,1532,732,2026-09-01,误工费,289337,审核中
633,954,775,2025-10-02,误工费,128936,待审核
634,1337,395,2025-08-24,工伤保险,43626,已拒绝
635,512,496,2026-08-02,医疗费用,8459,已拒绝
636,99,668,2026-05-08,康复费用,6294,已拒绝
637,876,220,2026-09-05,工伤保险,2443,已支付
638,955,699,2026-08-06,误工费,77198,审核中
639,995,860,2026-07-27,伤残赔偿,56134,待审核
640,1369,158,2025-10-05,工伤保险,138238,已支付
641,1902,963,2026-08-22,康复费用,51759,已支付
642,997,627,2026-02-18,康复费用,141327,已拒绝
643,812,687,2026-01-24,康复费用,69527,已完成
644,265,840,2026-05-04,误工费,4898,已支付
645,1641,868,2025-03-18,工伤保险,215051,已支付
646,578,893,2026-02-19,医疗保险,35245,已批准
647,680,9,2026-07-11,工伤保险,43013,已完成
648,1421,859,2026-07-31,康复费用,138421,待审核
649,594,641,2026-07-02,伤残赔偿,6188,审核中
650,1919,649,2026-08-12,工伤保险,31199,已支付
651,1035,617,2024-10-26,医疗保险,2834,已批准
652,1933,915,2026-03-21,医疗保险,33999,待审核
653,306,951,2025-05-24,医疗费用,116442,已批准
654,261,763,2026-02-01,工伤保险,11478,待审核
655,1964,940,2026-05-18,误工费,468345,已批准
656,705,332,2026-08-18,康复费用,135043,待审核
657,462,425,2025-04-21,医疗保险,41825,审核中
658,664,388,2025-01-17,医疗费用,163480,待审核
659,88,927,2026-02-25,医疗保险,59745,已完成
660,1483,880,2026-09-03,医疗保险,99152,已支付
661,1462,563,2024-12-31,医疗费用,346586,已完成
662,325,256,2026-01-13,医疗保险,488403,已完成
663,813,482,2025-01-27,医疗费用,65605,已拒绝
664,791,387,2026-09-07,医疗保险,459349,待审核
665,1309,705,2025-07-11,康复费用,45864,审核中
666,622,55,2026-07-07,医疗费用,15506,已支付
667,558,503,2026-08-27,伤残赔偿,42860,已批准
668,316,527,2026-08-01,康复费用,407233,已批准
669,1610,995,2023-07-14,医疗费用,261718,已批准
670,1534,551,2026-09-01,伤残赔偿,5751,待审核
671,1800,403,2026-04-29,康复费用,120987,审核中
672,1498,419,2026-09-07,医疗保险,45572,已批准
673,1649,114,2025-10-12,伤残赔偿,490179,已拒绝
674,811,179,2026-08-13,伤残赔偿,12422,待审核
675,1425,498,2026-09-03,医疗保险,10048,已拒绝
676,758,993,2026-03-28,医疗保险,15912,审核中
677,1594,290,2026-04-18,医疗保险,117149,审核中
678,372,990,2026-08-08,误工费,43644,审核中
679,1438,399,2026-07-30,误工费,455210,待审核
680,1119,982,2026-01-04,康复费用,116951,已批准
681,1340,828,2024-09-22,医疗费用,22314,待审核
682,1604,186,2026-05-08,医疗费用,2856,审核中
683,714,733,2026-05-25,误工费,482461,已完成
684,1659,721,2026-05-10,康复费用,264062,已支付
685,536,471,2026-03-19,医疗保险,193842,待审核
686,712,329,2025-12-03,医疗保险,23183,已批准
687,1846,395,2026-07-21,医疗保险,64789,已完成
688,1394,820,2026-02-01,医疗保险,62129,待审核
689,328,375,2026-06-07,医疗保险,9110,已完成
690,962,970,2026-02-13,医疗保险,236468,待审核
691,613,379,2026-08-19,医疗费用,129171,已批准
692,738,769,2026-03-30,医疗费用,47127,已批准
693,346,753,2026-08-01,工伤保险,12918,待审核
694,1495,862,2026-09-07,误工费,37359,已支付
695,1901,451,2026-09-07,康复费用,107301,待审核
696,829,613,2026-08-15,医疗保险,141755,已支付
697,836,14,2026-09-05,医疗保险,134821,已支付
698,351,193,2026-04-13,医疗费用,477601,已完成
699,1812,429,2026-07-03,工伤保险,447560,已批准
700,1986,79,2026-08-03,工伤保险,57266,已完成
701,1441,662,2025-12-12,工伤保险,105074,待审核
702,1520,165,2026-07-31,工伤保险,56489,已批准
703,523,995,2025-10-19,医疗费用,38054,已支付
704,226,620,2026-08-12,康复费用,27693,待审核
705,52,621,2026-07-23,误工费,120462,已批准
706,1606,344,2026-06-17,康复费用,125615,已批准
707,1273,547,2026-04-21,医疗保险,472613,审核中
708,915,495,2026-02-25,伤残赔偿,45375,已完成
709,1707,934,2023-02-20,康复费用,388369,已支付
710,788,776,2026-08-28,工伤保险,373401,待审核
711,1548,246,2026-07-10,医疗费用,44045,已支付
712,414,109,2026-07-24,工伤保险,450648,审核中
713,457,420,2026-06-20,工伤保险,122650,已完成
714,1654,431,2024-09-16,医疗保险,11519,待审核
715,1150,951,2026-08-17,康复费用,62146,已支付
716,1061,351,2026-02-14,误工费,56195,审核中
717,1597,494,2023-09-23,医疗保险,12334,已批准
718,334,917,2026-09-05,医疗费用,51836,已批准
719,171,449,2026-09-07,医疗费用,11248,已支付
720,1684,521,2025-10-14,医疗费用,216334,审核中
721,1269,969,2026-05-03,伤残赔偿,58922,已完成
722,663,2,2026-09-08,康复费用,284063,已支付
723,150,561,2026-06-03,工伤保险,123019,已拒绝
724,303,282,2026-08-22,医疗费用,142242,已拒绝
725,1221,160,2025-10-07,康复费用,101236,已批准
726,660,858,2026-07-01,工伤保险,496154,已批准
727,928,948,2026-07-13,康复费用,65337,已批准
728,1086,218,2026-03-02,康复费用,82478,已批准
729,1479,369,2026-07-08,医疗费用,55398,已拒绝
730,990,717,2026-07-12,康复费用,21582,待审核
731,241,15,2025-11-20,伤残赔偿,8614,待审核
732,53,572,2026-07-04,伤残赔偿,59296,待审核
733,1560,919,2025-12-07,康复费用,216905,已完成
734,1088,56,2026-06-26,医疗保险,359189,待审核
735,648,849,2025-04-08,误工费,22403,已完成
736,1439,574,2026-09-02,工伤保险,44622,待审核
737,1884,595,2026-08-18,康复费用,14987,已支付
738,1306,874,2025-12-26,工伤保险,157066,审核中
739,1355,843,2024-05-07,伤残赔偿,70831,已批准
740,1168,87,2025-09-03,医疗保险,357593,审核中
741,631,174,2026-09-06,康复费用,309458,已批准
742,1318,155,2026-05-07,医疗费用,28187,审核中
743,476,217,2026-07-05,工伤保险,28619,审核中
744,322,744,2026-04-06,误工费,93135,审核中
745,1848,123,2026-07-25,医疗保险,479320,已批准
746,1864,189,2025-05-05,医疗费用,10369,已拒绝
747,591,877,2026-02-26,康复费用,65699,已完成
748,1679,373,2026-08-06,康复费用,317732,已批准
749,1873,764,2025-07-25,伤残赔偿,120048,已批准
750,1250,497,2026-02-04,误工费,6354,审核中
751,1965,600,2026-04-18,工伤保险,220375,已支付
752,1364,972,2025-12-27,工伤保险,349539,已完成
753,44,791,2026-01-03,伤残赔偿,148422,已拒绝
754,470,375,2026-05-18,医疗保险,125741,审核中
755,1255,409,2026-08-30,康复费用,97861,待审核
756,36,134,2025-12-26,医疗费用,37473,审核中
757,1403,936,2026-05-19,医疗保险,8636,审核中
758,1263,657,2026-06-08,误工费,13747,已批准
759,1272,849,2025-03-11,工伤保险,20722,审核中
760,1472,499,2026-03-07,误工费,139882,已批准
761,37,531,2026-08-19,医疗保险,385703,已完成
762,1942,267,2026-06-21,康复费用,409637,已批准
763,1947,308,2025-07-31,伤残赔偿,457612,已拒绝
764,1188,383,2026-06-09,伤残赔偿,28463,已支付
765,365,363,2026-03-15,误工费,273095,待审核
766,1376,215,2025-11-25,工伤保险,69743,已拒绝
767,1746,792,2026-04-21,医疗保险,52083,已完成
768,1166,258,2026-09-07,误工费,6307,审核中
769,872,108,2026-07-17,误工费,100772,已批准
770,338,828,2026-08-30,康复费用,6900,已批准
771,1211,500,2026-09-02,工伤保险,39052,审核中
772,636,293,2025-09-11,伤残赔偿,139118,审核中
773,1505,216,2025-09-21,工伤保险,13171,已拒绝
774,1404,212,2026-04-05,医疗费用,29641,审核中
775,127,787,2025-08-05,工伤保险,315059,待审核
776,750,902,2026-04-18,误工费,11466,已支付
777,456,393,2026-06-17,工伤保险,249385,已支付
778,1362,128,2024-03-02,医疗费用,61794,已批准
779,1246,916,2026-02-01,医疗费用,10201,已批准
780,1801,805,2026-05-14,医疗保险,340477,已批准
781,216,811,2026-08-13,康复费用,1961,审核中
782,1065,705,2026-08-02,伤残赔偿,229488,已支付
783,746,40,2026-09-01,医疗费用,58250,待审核
784,897,669,2026-07-20,康复费用,489719,已完成
785,802,299,2026-08-27,医疗费用,76146,待审核
786,760,439,2025-09-09,工伤保险,5373,审核中
787,1001,536,2024-12-23,康复费用,49729,已支付
788,1216,64,2026-09-02,医疗保险,131297,待审核
789,1663,330,2026-08-28,医疗费用,45978,已批准
790,254,79,2026-08-29,康复费用,32387,已拒绝
791,135,297,2025-03-27,医疗费用,365411,已批准
792,1693,221,2025-10-15,医疗费用,34098,审核中
793,557,439,2026-05-09,医疗保险,80760,已批准
794,448,352,2026-04-10,工伤保险,404610,已完成
795,577,852,2025-01-30,医疗费用,1592,已拒绝
796,609,752,2026-04-02,康复费用,13976,待审核
797,140,602,2025-05-05,误工费,10392,已批准
798,1503,935,2025-08-30,医疗保险,274284,已批准
799,1212,304,2026-09-01,工伤保险,4835,已完成
800,1377,302,2024-03-22,误工费,10205,审核中
801,1431,336,2026-09-08,医疗费用,23477,已完成
802,920,510,2025-08-12,康复费用,16765,已支付
803,1583,845,2024-02-27,误工费,137056,已拒绝
804,108,995,2025-12-05,康复费用,112309,待审核
805,1200,710,2024-03-10,康复费用,51905,已支付
806,1384,188,2026-08-07,康复费用,452025,已拒绝
807,259,200,2026-04-06,医疗费用,1067,已支付
808,1301,985,2026-02-28,医疗保险,77587,已批准
809,965,65,2024-10-14,工伤保险,137215,已拒绝
810,1005,737,2026-01-21,误工费,14007,已批准
811,1504,58,2026-04-02,医疗费用,14806,待审核
812,1346,730,2026-07-03,医疗保险,57397,已拒绝
813,846,777,2026-07-25,医疗费用,354842,待审核
814,28,624,2026-06-26,医疗保险,4434,审核中
815,170,911,2026-09-06,医疗费用,14635,已批准
816,371,747,2026-01-04,康复费用,11047,已批准
817,1752,150,2026-05-25,医疗保险,11447,已完成
818,333,568,2025-01-31,工伤保险,272729,已拒绝
819,868,701,2025-08-02,医疗保险,417116,已完成
820,1582,979,2026-05-20,医疗费用,39540,审核中
821,1433,141,2026-07-11,伤残赔偿,47632,审核中
822,1668,149,2026-08-30,误工费,107807,已批准
823,1422,390,2026-08-22,伤残赔偿,39373,已支付
824,978,409,2026-08-15,康复费用,293950,待审核
825,1031,164,2026-04-23,康复费用,11349,待审核
826,1333,570,2026-06-20,伤残赔偿,18826,已拒绝
827,1068,373,2026-04-14,伤残赔偿,37865,待审核
828,837,130,2025-03-03,误工费,498730,已完成
829,1528,944,2024-06-04,医疗保险,404294,已完成
830,118,713,2026-07-16,医疗费用,128489,已拒绝
831,1476,851,2026-07-23,医疗费用,56662,待审核
832,814,69,2026-02-07,工伤保险,8675,审核中
833,761,99,2025-03-18,医疗保险,4682,审核中
834,152,879,2024-09-01,医疗保险,1676,待审核
835,526,95,2026-03-25,康复费用,2286,已支付
836,396,108,2025-11-12,医疗保险,463930,审核中
837,571,582,2026-02-25,误工费,14205,已批准
838,1291,932,2026-07-19,伤残赔偿,3629,已拒绝
839,1021,508,2025-12-13,医疗保险,104259,已拒绝
840,1739,9,2025-02-24,医疗保险,429225,已支付
841,1872,310,2026-03-28,康复费用,93726,待审核
842,936,780,2024-09-02,工伤保险,13536,已拒绝
843,1511,424,2026-02-17,康复费用,44158,已拒绝
844,1253,351,2026-09-04,医疗保险,97539,已完成
845,1767,50,2025-12-15,康复费用,110860,已完成
846,1533,932,2025-11-18,伤残赔偿,44302,已支付
847,225,911,2026-09-06,工伤保险,37271,审核中
848,1544,583,2026-05-22,伤残赔偿,13485,已拒绝
849,584,667,2024-06-29,医疗费用,10282,已完成
850,1817,776,2025-09-10,误工费,29394,已拒绝
851,1374,6,2026-04-04,康复费用,138616,已批准
852,1260,947,2025-10-23,工伤保险,2271,审核中
853,1285,84,2026-03-26,医疗保险,470770,待审核
854,1609,373,2026-05-11,误工费,31224,待审核
855,565,337,2026-09-02,医疗保险,274749,审核中
856,1948,868,2026-02-21,工伤保险,53034,已支付
857,1282,94,2026-08-22,误工费,468700,审核中
858,12,583,2026-08-15,伤残赔偿,38603,已支付
859,281,650,2026-05-09,医疗费用,11814,审核中
860,1980,924,2023-12-09,康复费用,103358,已完成
861,293,588,2026-08-07,医疗费用,8947,已支付
862,1804,389,2025-03-13,医疗保险,128627,已完成
863,819,813,2025-04-05,伤残赔偿,331464,审核中
864,986,239,2026-08-21,康复费用,77481,已完成
865,173,316,2025-08-04,误工费,297558,待审核
866,1132,734,2026-03-17,医疗费用,32614,已批准
867,859,230,2026-08-13,康复费用,108986,已批准
868,548,440,2026-03-11,医疗费用,6255,待审核
869,624,177,2026-08-19,医疗费用,355336,已批准
870,1750,533,2024-05-19,误工费,49125,待审核
871,486,223,2025-06-05,伤残赔偿,11902,已批准
872,1730,470,2026-08-20,医疗保险,42712,已批准
873,1271,280,2026-08-31,误工费,447541,审核中
874,976,773,2026-09-07,伤残赔偿,293115,待审核
875,517,564,2026-08-19,误工费,308412,已完成
876,707,539,2026-09-01,医疗费用,145208,已批准
877,1167,804,2026-01-06,医疗保险,9110,审核中
878,1563,955,2026-03-28,医疗保险,81654,待审核
879,1765,626,2026-06-10,医疗保险,474393,已拒绝
880,73,670,2026-04-22,康复费用,177131,待审核
881,1585,972,2025-11-13,工伤保险,131614,已批准
882,1879,845,2026-03-15,医疗费用,81463,已拒绝
883,1259,237,2026-09-07,伤残赔偿,390114,审核中
884,1451,236,2026-03-06,伤残赔偿,8832,已完成
885,1014,365,2025-12-30,工伤保险,93746,已支付
886,103,113,2026-06-20,医疗保险,48121,已完成
887,1077,192,2026-01-14,工伤保险,303807,审核中
888,896,641,2026-04-06,工伤保险,5073,已拒绝
889,1395,726,2025-05-23,医疗费用,14575,已完成
890,979,957,2026-07-18,误工费,18419,已批准
891,906,513,2025-09-30,医疗费用,48232,已支付
892,141,552,2026-04-20,医疗费用,215059,审核中
893,1051,386,2026-03-20,医疗费用,83892,待审核
894,1457,930,2026-09-06,医疗费用,17261,待审核
895,484,277,2025-11-28,康复费用,95748,已拒绝
896,1836,946,2026-07-31,伤残赔偿,27456,待审核
897,599,85,2026-08-16,康复费用,307474,待审核
898,1020,391,2026-05-05,工伤保险,133738,已完成
899,13,779,2026-01-11,误工费,175538,已完成
900,70,308,2026-01-15,工伤保险,431585,已完成
901,601,963,2026-07-02,误工费,466446,已拒绝
902,1017,340,2026-09-04,工伤保险,36480,待审核
903,1850,14,2026-07-28,误工费,388839,已拒绝
904,1027,331,2026-09-08,康复费用,12892,已完成
905,483,204,2025-11-16,康复费用,106912,已拒绝
906,1515,921,2026-03-01,工伤保险,8070,已完成
907,1592,61,2026-07-15,误工费,10680,已拒绝
908,1452,703,2026-07-15,医疗保险,1302,已批准
909,816,183,2025-11-04,伤残赔偿,9892,已完成
910,1708,193,2026-09-02,医疗费用,84121,待审核
911,1387,513,2026-02-22,工伤保险,133010,待审核
912,432,90,2026-06-30,工伤保险,11139,已批准
913,382,642,2026-04-22,工伤保险,12065,已批准
914,1177,739,2023-12-30,康复费用,152657,已完成
915,1822,962,2026-01-12,伤残赔偿,3231,审核中
916,66,888,2026-06-07,医疗保险,5204,待审核
917,1605,326,2026-09-04,医疗保险,13439,已批准
918,524,93,2026-01-29,误工费,12584,审核中
919,725,656,2026-06-25,伤残赔偿,202159,审核中
920,361,391,2025-07-20,工伤保险,1447,已完成
921,756,362,2026-09-07,工伤保险,130154,待审核
922,772,97,2025-04-15,医疗保险,437695,已拒绝
923,465,38,2026-07-02,工伤保险,67901,已支付
924,1507,453,2026-05-06,医疗费用,1930,审核中
925,798,904,2025-12-10,工伤保险,111985,已支付
926,1178,247,2024-11-17,工伤保险,79563,待审核
927,1484,524,2025-12-01,工伤保险,94242,审核中
928,1565,356,2026-03-11,康复费用,22308,已支付
929,1131,156,2025-10-26,工伤保险,77188,已完成
930,1747,390,2026-08-10,伤残赔偿,102727,审核中
931,1114,698,2026-05-09,康复费用,7889,已拒绝
932,1685,806,2024-03-09,工伤保险,450760,审核中
933,255,655,2026-07-08,工伤保险,20996,已完成
934,908,388,2026-06-20,医疗费用,154243,已批准
935,211,34,2024-01-16,伤残赔偿,7207,待审核
936,501,551,2026-08-12,伤残赔偿,116525,待审核
937,1358,942,2026-07-22,误工费,59425,审核中
938,981,886,2025-09-07,医疗保险,10317,已拒绝
939,1489,563,2026-08-27,误工费,84241,已批准
940,934,168,2026-06-04,康复费用,36572,审核中
941,1485,929,2026-07-08,康复费用,243076,已拒绝
942,607,187,2026-05-07,伤残赔偿,153625,审核中
943,186,317,2026-02-23,伤残赔偿,3839,已批准
944,1297,308,2026-02-20,伤残赔偿,198382,已完成
945,229,723,2025-10-04,工伤保险,7475,已批准
946,1153,470,2026-06-06,工伤保险,83261,待审核
947,711,11,2025-11-08,工伤保险,297699,审核中
948,409,681,2024-10-11,康复费用,1118,已支付
949,1063,119,2025-12-01,医疗费用,84757,已拒绝
950,1824,538,2026-08-05,医疗保险,7936,已批准
951,1204,540,2026-07-27,伤残赔偿,235652,审核中
952,1761,822,2026-03-17,伤残赔偿,1297,审核中
953,1851,772,2025-07-07,误工费,41668,已支付
954,129,980,2026-05-20,康复费用,23271,已批准
955,1427,606,2026-03-15,工伤保险,120843,已批准
956,488,798,2026-02-26,工伤保险,43505,审核中
957,845,54,2025-08-11,医疗费用,50030,已拒绝
958,292,810,2026-08-03,医疗保险,101437,已支付
959,1647,8,2026-04-02,工伤保险,61613,已拒绝
960,952,712,2026-09-06,康复费用,261380,已拒绝
961,881,809,2025-11-20,医疗保险,359691,已完成
962,1207,504,2026-05-01,医疗保险,24052,已支付
963,1058,662,2025-11-29,误工费,142308,已支付
964,696,521,2026-08-19,工伤保险,91638,已批准
965,614,513,2025-01-31,误工费,1575,已完成
966,287,622,2026-05-21,工伤保险,43665,审核中
967,1584,537,2026-02-20,工伤保险,48839,已拒绝
968,1607,419,2024-08-30,医疗保险,124345,已支付
969,1170,438,2026-07-07,误工费,3815,已支付
970,461,200,2026-08-01,医疗费用,413194,已支付
971,1102,394,2025-02-02,伤残赔偿,319868,待审核
972,1683,581,2026-09-03,医疗费用,75485,待审核
973,937,62,2023-11-10,伤残赔偿,44403,已批准
974,560,66,2026-04-09,伤残赔偿,34760,待审核
975,1526,230,2026-08-29,伤残赔偿,10308,已支付
976,1934,377,2025-10-10,伤残赔偿,13618,待审核
977,749,98,2024-10-07,工伤保险,368449,已完成
978,83,897,2026-03-01,康复费用,105013,待审核
979,1529,446,2026-07-23,医疗费用,142134,已支付
980,646,38,2026-07-31,伤残赔偿,22966,已支付
981,880,861,2026-05-30,医疗保险,4073,已批准
982,250,130,2026-08-07,医疗保险,25000,已拒绝
983,507,622,2026-06-10,医疗费用,127159,已拒绝
984,1852,413,2026-06-16,工伤保险,2565,已完成
985,927,587,2026-05-29,误工费,30443,已完成
986,808,161,2026-08-14,医疗费用,1039,待审核
987,1734,254,2026-06-04,医疗费用,88168,已完成
988,530,882,2025-08-07,误工费,127050,已批准
989,1056,22,2026-07-03,康复费用,55501,已完成
990,991,173,2026-04-30,误工费,75599,已支付
991,1768,667,2026-01-14,误工费,412298,审核中
992,411,959,2026-08-04,医疗费用,149667,已拒绝
993,884,557,2026-03-10,医疗保险,138564,已支付
994,1258,99,2023-12-09,工伤保险,22193,已拒绝
995,1513,286,2026-01-23,康复费用,285053,已完成
996,1569,71,2025-10-19,工伤保险,53864,已批准
997,701,104,2026-08-02,医疗费用,53034,已拒绝
998,1339,329,2024-06-13,伤残赔偿,13427,已拒绝
999,1347,880,2026-06-24,医疗费用,94082,已批准
1000,638,331,2025-12-16,工伤保险,43767,已批准
1001,1351,482,2026-07-05,误工费,149439,已拒绝
1002,579,664,2025-12-21,工伤保险,133710,已拒绝
1003,72,675,2026-07-02,医疗费用,11786,审核中
1004,300,29,2025-05-06,医疗费用,191055,已拒绝
1005,1671,440,2026-07-09,误工费,138970,审核中
1006,825,246,2026-05-22,康复费用,373219,审核中
1007,1004,660,2026-09-06,医疗保险,203891,已拒绝
1008,1772,383,2026-06-27,医疗保险,5188,已完成
1009,1878,728,2026-06-17,医疗费用,486643,审核中
1010,1729,438,2026-08-07,康复费用,278145,已完成
1011,1164,728,2026-01-10,伤残赔偿,294107,待审核
1012,959,14,2026-06-26,康复费用,72059,已完成
1013,1455,294,2026-07-27,医疗费用,123259,已批准
1014,1210,987,2026-04-23,工伤保险,115986,已支付
1015,652,64,2026-03-31,工伤保险,78740,已支付
1016,355,292,2023-11-04,伤残赔偿,2438,已拒绝
1017,201,130,2026-04-18,康复费用,149560,审核中
1018,672,536,2026-07-02,医疗保险,8105,待审核
1019,861,89,2026-03-13,工伤保险,35676,已支付
1020,160,785,2026-05-09,医疗费用,20458,待审核
1021,35,325,2026-06-11,工伤保险,402605,已完成
1022,1442,924,2026-06-14,误工费,6386,已完成
1023,33,257,2026-05-25,误工费,103003,审核中
1024,238,868,2024-09-06,工伤保险,285580,已批准
1025,1344,601,2026-06-14,医疗费用,11556,已批准
1026,282,889,2024-02-22,医疗费用,5363,已完成
1027,1256,578,2026-08-25,康复费用,358061,审核中
1028,1778,808,2026-08-23,医疗保险,117068,待审核
1029,1397,515,2026-06-16,工伤保险,124052,已拒绝
1030,778,652,2024-11-07,误工费,476362,已批准
1031,240,892,2026-08-20,误工费,144752,已批准
1032,1702,309,2026-08-18,康复费用,6937,已支付
1033,1266,24,2025-05-05,康复费用,33089,已拒绝
1034,1629,48,2024-09-24,康复费用,337245,待审核
1035,844,896,2026-07-24,误工费,4760,已拒绝
1036,1138,79,2026-09-08,工伤保险,336512,待审核
1037,1067,469,2025-12-17,医疗保险,9146,已拒绝
1038,116,130,2026-07-28,医疗保险,411796,审核中
1039,914,428,2026-07-30,误工费,62196,已批准
1040,1016,780,2026-06-18,医疗保险,306008,已批准
1041,1601,306,2026-09-04,医疗费用,96341,已支付
1042,1926,723,2026-08-31,医疗保险,60072,已完成
1043,1623,328,2025-05-03,康复费用,51524,待审核
1044,1104,254,2026-06-04,伤残赔偿,344217,审核中
1045,474,812,2025-03-23,误工费,70903,审核中
1046,151,868,2026-05-10,医疗费用,343179,已支付
1047,1961,127,2025-10-14,误工费,3355,审核中
1048,572,339,2026-06-04,误工费,144816,已拒绝
1049,984,678,2025-01-06,康复费用,15798,已批准
1050,1072,686,2025-05-12,医疗保险,1365,已批准
1051,1992,225,2026-04-22,误工费,384382,已完成
1052,1928,580,2026-08-24,伤残赔偿,12629,已完成
1053,478,741,2026-09-06,伤残赔偿,298782,已拒绝
1054,206,508,2026-07-18,医疗保险,96109,待审核
1055,755,333,2026-01-21,医疗费用,123738,已完成
1056,763,590,2025-06-23,医疗保险,55114,审核中
1057,656,466,2025-12-30,医疗费用,11759,已拒绝
1058,795,834,2026-08-01,康复费用,43636,已支付
1059,288,271,2025-12-13,误工费,133745,已完成
1060,431,790,2025-04-15,伤残赔偿,494142,待审核
1061,1951,749,2026-08-12,康复费用,11304,已完成
1062,1190,725,2026-04-25,误工费,38813,待审核
1063,1968,415,2026-08-22,误工费,270373,已支付
1064,521,364,2026-06-22,工伤保险,12942,审核中
1065,1885,382,2024-04-28,伤残赔偿,273055,已拒绝
1066,1173,712,2026-09-06,康复费用,96652,审核中
1067,262,770,2026-07-20,医疗保险,99049,已拒绝
1068,1871,81,2025-12-19,医疗保险,141250,已拒绝
1069,1766,740,2026-09-02,工伤保险,3805,审核中
1070,1316,938,2026-09-08,伤残赔偿,28625,已批准
1071,332,478,2024-12-10,误工费,12206,已批准
1072,625,865,2026-05-16,工伤保险,137134,审核中
1073,1645,267,2025-12-08,误工费,126465,已批准
1074,375,482,2026-04-02,康复费用,337811,待审核
1075,279,232,2026-05-11,医疗费用,180443,已完成
1076,395,611,2025-07-21,伤残赔偿,10598,已批准
1077,1128,730,2026-08-24,伤残赔偿,114941,审核中
1078,1806,398,2026-08-15,误工费,10328,已支付
1079,1002,562,2025-09-24,医疗保险,73672,已拒绝
1080,253,750,2025-10-07,医疗保险,13171,审核中
1081,890,710,2023-11-11,医疗费用,92760,审核中
1082,1134,658,2026-01-20,工伤保险,5298,已支付
1083,1191,62,2026-08-13,康复费用,141788,已拒绝
1084,24,756,2026-08-03,医疗费用,13134,待审核
1085,1399,198,2026-08-19,医疗保险,262900,审核中
1086,891,682,2026-09-05,伤残赔偿,7693,审核中
1087,533,21,2025-04-29,伤残赔偿,5391,已支付
1088,1886,73,2025-07-02,伤残赔偿,12390,待审核
1089,996,466,2026-07-18,医疗保险,34325,审核中
1090,1593,934,2023-10-06,康复费用,13553,已批准
1091,1245,446,2025-09-29,伤残赔偿,379700,已支付
1092,597,297,2026-08-25,医疗保险,230510,已拒绝
1093,1713,741,2026-08-22,医疗保险,1694,已支付
1094,514,183,2026-07-13,误工费,111251,已拒绝
1095,519,228,2026-08-28,误工费,163553,已拒绝
1096,1160,641,2025-09-29,工伤保险,20168,已批准
1097,1523,566,2026-03-16,伤残赔偿,15486,已支付
1098,1151,469,2023-10-21,伤残赔偿,171715,已完成
1099,1633,361,2026-01-25,误工费,119634,已支付
1100,1508,767,2023-06-04,医疗费用,144551,已拒绝
1101,220,96,2026-08-27,误工费,403651,审核中
1102,1751,292,2025-04-10,医疗费用,128394,审核中
1103,387,500,2023-06-20,康复费用,4722,审核中
1104,552,207,2026-09-04,误工费,11398,已拒绝
1105,688,813,2026-01-18,误工费,3234,已完成
1106,297,383,2025-11-06,医疗保险,22849,已批准
1107,1803,634,2025-05-20,康复费用,52848,审核中
1108,1627,629,2026-03-02,误工费,135563,待审核
1109,110,193,2025-10-10,医疗费用,172215,已拒绝
1110,1788,352,2025-10-24,工伤保险,487215,已完成
1111,1541,567,2025-10-05,医疗费用,85649,已支付
1112,637,625,2026-07-30,医疗费用,35825,待审核
1113,848,591,2025-01-07,医疗费用,55395,已支付
1114,1704,327,2026-05-17,康复费用,12539,已支付
1115,258,108,2026-08-16,伤残赔偿,2275,待审核
1116,1635,746,2026-08-09,伤残赔偿,10843,审核中
1117,1230,933,2023-05-21,工伤保险,29030,已支付
1118,67,886,2026-06-22,误工费,5216,已批准
1119,1121,868,2024-06-05,医疗保险,251971,已支付
1120,268,11,2025-04-20,医疗保险,30175,已完成
1121,413,916,2025-12-20,伤残赔偿,81688,已支付
1122,1720,27,2026-05-13,误工费,149574,已完成
1123,415,624,2026-06-23,康复费用,89679,审核中
1124,1218,627,2025-02-19,伤残赔偿,116986,审核中
1125,1348,715,2026-09-01,康复费用,28940,已批准
1126,1257,211,2026-08-31,医疗保险,84162,审核中
1127,632,536,2025-04-23,康复费用,88511,已完成
1128,1106,654,2026-07-01,工伤保险,4149,已批准
1129,1831,539,2026-08-08,医疗费用,119495,已完成
1130,611,139,2026-09-04,医疗保险,5115,待审核
1131,1738,176,2026-07-18,误工费,116780,已批准
1132,815,932,2025-08-21,误工费,32517,审核中
1133,1312,388,2026-04-21,康复费用,96552,已批准
1134,327,624,2025-12-30,误工费,266031,待审核
1135,1860,165,2026-06-19,康复费用,7166,已拒绝
1136,378,75,2026-04-17,误工费,61146,已完成
1137,194,448,2026-08-16,康复费用,48307,待审核
1138,11,259,2023-01-08,工伤保险,101602,已拒绝
1139,1579,780,2026-07-11,误工费,37938,已支付
1140,1631,302,2025-12-08,医疗费用,74809,已批准
1141,684,932,2025-05-31,康复费用,397373,已完成
1142,1280,524,2026-04-27,误工费,129298,审核中
1143,424,200,2026-06-26,伤残赔偿,18006,待审核
1144,522,982,2026-08-02,伤残赔偿,118539,审核中
1145,1317,870,2026-04-17,医疗保险,138762,已批准
1146,1981,999,2025-09-14,工伤保险,12424,已完成
1147,1420,688,2026-07-19,误工费,52076,已拒绝
1148,1521,166,2026-06-07,康复费用,7078,已批准
1149,1538,12,2025-09-07,工伤保险,393906,审核中
1150,1692,942,2026-08-24,误工费,9719,已支付
1151,1275,405,2026-03-16,医疗费用,7755,待审核
1152,561,387,2026-07-14,康复费用,4411,已支付
1153,827,928,2026-01-20,康复费用,111303,已完成
1154,1877,837,2026-04-05,康复费用,315325,待审核
1155,1576,981,2026-08-14,工伤保险,10535,待审核
1156,344,910,2026-04-23,医疗保险,148214,已批准
1157,916,74,2026-02-28,医疗费用,6270,已批准
1158,1581,848,2024-01-26,伤残赔偿,142731,待审核
1159,6,917,2026-04-18,医疗费用,483208,审核中
1160,961,910,2026-01-27,误工费,149427,已完成
1161,1034,380,2026-09-01,误工费,23540,已批准
1162,314,782,2026-07-04,医疗保险,119881,审核中
1163,128,500,2025-12-18,误工费,5355,已完成
1164,1073,741,2026-08-25,误工费,224664,待审核
1165,260,826,2026-07-21,误工费,14207,待审核
1166,1411,67,2025-06-16,康复费用,31584,已支付
1167,1225,200,2026-07-26,伤残赔偿,4382,审核中
1168,873,137,2026-03-03,工伤保险,80867,已完成
1169,16,224,2026-08-11,伤残赔偿,14665,已拒绝
1170,539,362,2026-09-06,医疗费用,1330,审核中
1171,1205,277,2026-08-16,康复费用,28441,已支付
1172,1637,780,2024-03-14,医疗费用,5039,审核中
1173,1287,915,2026-07-09,误工费,14175,已批准
1174,1875,793,2026-07-20,医疗费用,245378,已批准
1175,1889,489,2026-08-20,医疗费用,330180,待审核
1176,1060,825,2025-10-19,康复费用,93598,已批准
1177,1174,608,2026-09-05,医疗保险,269745,待审核
1178,823,624,2026-01-09,伤残赔偿,137137,已批准
1179,1393,459,2026-06-14,康复费用,64570,已拒绝
1180,1724,575,2026-04-16,伤残赔偿,146769,已拒绝
1181,1270,583,2026-09-08,工伤保险,342833,已拒绝
1182,1993,388,2026-08-01,工伤保险,67689,已批准
1183,1283,100,2024-06-27,康复费用,18459,审核中
1184,1335,750,2026-05-26,误工费,7714,已拒绝
1185,94,127,2025-01-09,医疗保险,112410,待审核
1186,1792,386,2026-07-03,误工费,260644,已拒绝
1187,223,40,2026-08-21,工伤保险,14055,审核中
1188,1293,386,2026-08-30,康复费用,16153,审核中
1189,581,142,2025-04-28,工伤保险,1230,已拒绝
1190,397,523,2026-08-04,康复费用,33658,已拒绝
1191,1303,992,2026-07-21,康复费用,54267,待审核
1192,82,369,2026-02-04,医疗保险,14660,已支付
1193,196,403,2024-06-29,医疗保险,78065,已拒绝
1194,421,220,2026-04-30,康复费用,59738,待审核
1195,9,66,2026-08-28,误工费,237392,待审核
1196,132,380,2026-07-15,工伤保险,483857,已拒绝
1197,1308,251,2026-08-07,康复费用,140158,已拒绝
1198,792,610,2026-07-07,工伤保险,12707,已批准
1199,1866,75,2026-09-04,医疗保险,18900,已支付
1200,1390,857,2026-08-29,医疗费用,41853,已拒绝
1201,1723,869,2026-08-15,伤残赔偿,134866,已批准
1202,491,3,2026-07-27,医疗费用,499676,已拒绝
1203,762,953,2026-08-07,工伤保险,44219,已拒绝
1204,608,882,2025-10-16,医疗费用,205268,已批准
1205,1781,402,2022-07-03,误工费,5963,已拒绝
1206,1326,80,2024-12-11,康复费用,56127,已完成
1207,166,111,2026-04-28,伤残赔偿,316496,已完成
1208,219,573,2026-05-28,工伤保险,129237,已批准
1209,477,518,2025-04-23,伤残赔偿,10207,已拒绝
1210,902,789,2025-05-19,伤残赔偿,6575,待审核
1211,727,86,2026-03-29,误工费,92909,已完成
1212,1935,267,2026-09-01,医疗费用,74734,已完成
1213,308,410,2026-08-19,误工费,339317,已完成
1214,1012,544,2024-06-16,医疗费用,93997,已拒绝
1215,1630,265,2026-08-22,误工费,25155,已支付
1216,1083,987,2025-11-30,康复费用,447801,已支付
1217,982,221,2026-04-08,医疗费用,5231,已支付
1218,423,921,2026-06-24,伤残赔偿,125435,待审核
1219,618,470,2026-06-23,医疗费用,406299,已完成
1220,222,409,2026-08-29,康复费用,14812,已完成
1221,1779,271,2026-05-09,伤残赔偿,14103,已批准
1222,1653,867,2026-05-23,工伤保险,1376,已支付
1223,213,279,2025-11-27,医疗费用,12172,已拒绝
1224,1386,460,2026-09-03,工伤保险,12818,审核中
1225,1363,761,2026-04-21,医疗费用,22086,已拒绝
1226,1834,562,2026-03-16,医疗费用,111840,已完成
1227,1327,433,2026-08-25,医疗保险,5972,已拒绝
1228,1217,77,2026-02-01,工伤保险,100252,已支付
1229,1192,267,2026-05-29,误工费,126687,已拒绝
1230,1286,197,2026-02-14,医疗费用,9122,已完成
1231,1176,990,2026-08-09,伤残赔偿,23576,审核中
1232,124,857,2026-07-28,工伤保险,12492,已支付
1233,899,66,2026-08-06,康复费用,18430,已支付
1234,1762,957,2026-09-04,康复费用,27372,已拒绝
1235,1855,92,2024-07-02,医疗费用,40578,待审核
1236,1360,208,2024-09-17,医疗费用,420814,审核中
1237,208,956,2024-11-25,医疗保险,34998,已批准
1238,1113,734,2025-03-06,医疗费用,17322,已完成
1239,593,744,2025-06-19,工伤保险,396285,已拒绝
1240,576,992,2026-08-30,医疗费用,3636,已支付
1241,1943,472,2026-09-06,误工费,45768,已拒绝
1242,739,370,2025-03-20,医疗保险,192728,已完成
1243,237,302,2024-08-10,医疗费用,52692,已拒绝
1244,983,996,2026-06-25,伤残赔偿,117193,待审核
1245,1320,904,2026-03-25,医疗保险,495189,已支付
1246,1950,901,2025-04-17,误工费,231260,已批准
1247,1171,499,2026-03-01,误工费,101113,已批准
1248,683,704,2026-04-17,伤残赔偿,57749,已完成
1249,569,509,2026-07-25,伤残赔偿,228220,已完成
1250,1224,659,2024-07-25,工伤保险,1751,已拒绝
1251,294,803,2022-10-27,工伤保险,18673,审核中
1252,1169,238,2025-02-17,工伤保险,136512,待审核
1253,442,164,2023-07-17,误工费,288412,已批准
1254,1814,125,2026-04-30,伤残赔偿,409256,待审核
1255,1383,958,2026-07-28,康复费用,26789,已完成
1256,359,722,2026-06-19,康复费用,5209,已支付
1257,999,334,2026-07-24,医疗费用,13758,已完成
1258,1621,794,2026-05-29,伤残赔偿,452936,审核中
1259,1466,602,2024-08-03,工伤保险,5946,已完成
1260,1352,197,2025-12-01,伤残赔偿,451846,已拒绝
1261,1869,137,2026-07-04,医疗费用,57035,已支付
1262,184,613,2026-07-03,康复费用,32214,已拒绝
1263,1983,485,2026-08-06,工伤保险,51691,待审核
1264,468,546,2024-11-05,医疗保险,102967,已支付
1265,1967,626,2026-07-23,康复费用,14889,审核中
1266,1241,259,2026-04-19,伤残赔偿,40391,已支付
1267,1401,528,2025-10-07,医疗保险,301157,已批准
1268,747,376,2026-09-08,医疗保险,73866,已批准
1269,1999,431,2026-05-09,工伤保险,69907,待审核
1270,1639,757,2026-08-06,医疗费用,12308,已支付
1271,1247,995,2026-08-26,医疗费用,74431,待审核
1272,1100,914,2026-08-16,误工费,455904,待审核
1273,182,17,2025-09-14,伤残赔偿,26974,审核中
1274,1748,713,2026-08-08,伤残赔偿,309930,已批准
1275,947,667,2024-12-20,医疗保险,231521,已拒绝
1276,1071,342,2026-03-21,误工费,147009,已拒绝
1277,793,416,2026-04-04,工伤保险,246431,待审核
1278,1694,275,2026-04-13,康复费用,84406,已完成
1279,1920,968,2025-06-24,医疗费用,109407,已支付
1280,803,300,2024-10-11,康复费用,25410,已拒绝
1281,1764,234,2026-08-30,工伤保险,14568,已完成
1282,958,423,2026-01-14,伤残赔偿,11077,审核中
1283,1859,907,2026-09-06,误工费,37500,审核中
1284,417,391,2025-12-22,康复费用,365632,已支付
1285,214,978,2026-04-04,工伤保险,4665,待审核
1286,445,800,2026-07-12,医疗费用,16801,已拒绝
1287,671,450,2025-10-19,工伤保险,366973,已拒绝
1288,933,757,2026-09-05,工伤保险,442538,已拒绝
1289,1080,726,2026-01-09,伤残赔偿,166408,待审核
1290,112,2,2026-08-26,工伤保险,25948,已完成
1291,1328,466,2026-03-09,康复费用,114386,已批准
1292,31,218,2025-08-23,工伤保险,114447,待审核
1293,709,691,2023-07-29,医疗保险,27408,已完成
1294,91,550,2026-08-21,医疗费用,464214,已批准
1295,125,465,2025-04-04,医疗保险,29228,待审核
1296,1094,225,2026-03-31,伤残赔偿,77828,已支付
1297,1405,60,2025-05-11,伤残赔偿,100796,已支付
1298,1289,555,2026-06-18,伤残赔偿,84480,待审核
1299,657,897,2024-09-03,医疗费用,394947,审核中
1300,948,802,2026-08-15,工伤保险,86150,审核中
1301,1408,394,2026-09-07,康复费用,454061,已完成
1302,122,541,2026-07-30,误工费,72441,已完成
1303,956,758,2025-02-16,医疗费用,9938,待审核
1304,1240,13,2026-01-15,误工费,8456,已批准
1305,1010,339,2024-05-24,工伤保险,66962,审核中
1306,1267,233,2026-06-11,医疗保险,2285,已批准
1307,15,790,2026-02-16,误工费,28613,已支付
1308,617,786,2026-07-15,医疗保险,17694,已批准
1309,905,65,2025-02-14,误工费,55138,审核中
1310,1248,534,2025-09-13,医疗保险,38414,已拒绝
1311,1152,930,2025-06-25,伤残赔偿,339994,审核中
1312,659,44,2026-06-08,医疗费用,8007,待审核
1313,50,478,2026-05-02,误工费,72724,已拒绝
1314,1407,470,2026-09-03,伤残赔偿,12005,待审核
1315,1391,516,2026-08-28,误工费,12950,已完成
1316,1545,730,2026-06-18,伤残赔偿,10495,已支付
1317,1195,315,2026-08-14,康复费用,303951,待审核
1318,1911,118,2024-08-28,医疗费用,8175,审核中
1319,246,405,2025-04-25,误工费,31835,已支付
1320,1156,232,2026-02-22,医疗费用,93446,已批准
1321,1261,857,2026-07-06,工伤保险,72675,审核中
1322,1777,912,2024-06-03,工伤保险,267494,审核中
1323,1229,762,2025-07-25,康复费用,54256,审核中
1324,871,717,2026-08-24,医疗费用,380774,审核中
1325,1274,892,2025-12-06,误工费,14550,已批准
1326,957,745,2025-01-09,医疗保险,5097,待审核
1327,1546,137,2026-06-02,医疗保险,34496,已完成
1328,1382,760,2025-11-14,医疗保险,13394,已拒绝
1329,922,741,2026-09-04,医疗费用,134729,已支付
1330,264,99,2023-11-26,伤残赔偿,54400,审核中
1331,1959,773,2026-08-12,伤残赔偿,64585,已完成
1332,1334,810,2026-05-10,医疗费用,112567,待审核
1333,1686,94,2025-12-15,康复费用,43611,已支付
1334,342,25,2023-10-06,工伤保险,35853,已支付
1335,1892,492,2026-08-23,康复费用,66870,已支付
1336,307,816,2025-01-17,康复费用,13709,已支付
1337,1310,526,2026-05-31,康复费用,431548,审核中
1338,773,561,2026-08-18,医疗费用,98971,已支付
1339,1925,415,2025-01-18,医疗保险,113654,已批准
1340,1896,626,2026-08-27,伤残赔偿,75470,已支付
1341,232,826,2026-07-16,医疗费用,6988,已批准
1342,1774,469,2026-08-26,康复费用,72664,已完成
1343,1769,367,2026-01-07,工伤保险,14109,已拒绝
1344,1820,464,2025-06-05,工伤保险,144721,已支付
1345,1749,205,2026-08-23,医疗费用,19837,审核中
1346,1816,903,2025-11-09,工伤保险,9409,已完成
1347,783,318,2024-12-02,工伤保险,12295,已完成
1348,1091,779,2023-11-23,工伤保险,9618,待审核
1349,840,222,2026-07-01,误工费,101461,已批准
1350,516,373,2026-08-11,医疗保险,334408,已批准
1351,1,476,2026-07-25,误工费,13732,待审核
1352,51,758,2022-09-29,医疗保险,70357,已批准
1353,1669,194,2026-09-07,医疗费用,96725,已支付
1354,197,478,2024-10-23,工伤保险,56368,已批准
1355,1716,694,2026-08-13,康复费用,111629,已支付
1356,39,498,2026-07-19,医疗费用,392355,审核中
1357,139,817,2026-07-18,医疗保险,5282,待审核
1358,1161,800,2026-07-10,误工费,56403,已批准
1359,1552,374,2026-03-28,误工费,54526,待审核
1360,242,946,2026-02-06,伤残赔偿,115694,已拒绝
1361,1662,974,2025-09-26,伤残赔偿,83579,已支付
1362,207,194,2026-09-03,伤残赔偿,46781,已批准
1363,1481,698,2026-02-02,医疗保险,49752,待审核
1364,1698,489,2026-08-29,康复费用,33700,已支付
1365,1522,938,2026-07-15,医疗保险,411258,待审核
1366,1634,793,2026-08-17,康复费用,146681,已支付
1367,360,363,2026-08-02,医疗保险,20722,审核中
1368,231,511,2025-04-20,医疗保险,110725,已拒绝
1369,662,562,2026-06-16,误工费,145804,审核中
1370,1467,159,2026-03-16,伤残赔偿,18350,已完成
1371,1888,492,2026-08-22,误工费,388667,已完成
1372,1236,299,2024-08-31,工伤保险,348157,已支付
1373,1676,518,2026-09-03,误工费,28004,已支付
1374,147,245,2026-08-08,医疗费用,73836,审核中
1375,842,762,2025-04-15,医疗费用,40546,已支付
1376,786,783,2025-10-21,伤残赔偿,117990,待审核
1377,1921,506,2023-10-01,康复费用,8662,审核中
1378,45,429,2026-05-21,医疗保险,11677,已完成
1379,1989,218,2026-05-21,误工费,203726,已支付
1380,1437,774,2025-04-27,康复费用,2495,已批准
1381,1496,636,2025-01-08,医疗费用,4891,已批准
1382,381,858,2026-05-13,伤残赔偿,443761,待审核
1383,1657,605,2026-01-10,伤残赔偿,1094,已批准
1384,1674,857,2026-07-22,误工费,13692,待审核
1385,434,13,2026-04-30,康复费用,470610,已批准
1386,1650,672,2025-04-16,误工费,44597,已批准
1387,21,432,2026-03-07,康复费用,129570,已批准
1388,1206,260,2025-11-30,伤残赔偿,47183,已完成
1389,666,417,2026-01-11,医疗费用,20352,审核中
1390,1591,41,2026-04-16,康复费用,130213,已支付
1391,1771,85,2026-04-11,医疗保险,59288,已批准
1392,634,764,2026-06-27,误工费,42923,已支付
1393,1712,750,2026-07-25,医疗费用,53041,已拒绝
1394,1516,173,2026-09-03,误工费,44859,已完成
1395,312,655,2026-01-12,伤残赔偿,17306,已拒绝
1396,155,875,2025-02-24,伤残赔偿,15261,已完成
1397,1922,846,2026-04-03,康复费用,13158,待审核
1398,943,607,2026-09-05,工伤保险,50397,已完成
1399,366,916,2026-04-04,医疗费用,2369,已支付
1400,1714,68,2025-11-26,伤残赔偿,22812,已支付
1401,888,917,2026-05-31,康复费用,223652,待审核
1402,807,247,2026-06-27,伤残赔偿,10426,已批准
1403,720,530,2026-08-21,康复费用,12790,已拒绝
1404,398,272,2026-06-27,伤残赔偿,6747,已批准
1405,883,664,2026-06-27,误工费,8194,已完成
1406,98,73,2026-04-30,工伤保险,20945,已拒绝
1407,311,410,2026-07-17,医疗费用,108834,待审核
1408,137,834,2026-09-01,康复费用,479505,审核中
1409,450,51,2026-07-23,康复费用,135530,待审核
1410,862,920,2026-07-03,医疗费用,48211,待审核
1411,563,139,2026-04-24,医疗保险,42369,已支付
1412,1573,668,2025-11-10,医疗保险,35702,已支付
1413,913,649,2025-12-25,医疗保险,99105,已完成
1414,1370,139,2026-08-09,误工费,8639,审核中
1415,1373,378,2026-04-05,康复费用,1709,已完成
1416,26,366,2026-05-19,工伤保险,7191,审核中
1417,159,380,2026-01-31,康复费用,9658,已拒绝
1418,392,597,2026-09-03,伤残赔偿,247098,已支付
1419,1915,932,2023-10-12,医疗保险,6821,已完成
1420,1081,762,2024-09-04,工伤保险,13153,待审核
1421,1013,465,2026-02-12,误工费,58603,已完成
1422,102,66,2026-08-11,伤残赔偿,80982,已批准
1423,202,941,2026-07-27,伤残赔偿,5691,审核中
1424,1097,680,2025-11-14,医疗费用,8705,待审核
1425,1049,290,2026-09-06,工伤保险,11307,已拒绝
1426,1705,339,2026-05-19,工伤保险,4422,待审核
1427,686,527,2026-07-22,工伤保险,296885,已支付
1428,855,465,2025-06-17,康复费用,123468,待审核
1429,874,185,2026-05-16,康复费用,50458,已拒绝
1430,1033,761,2025-10-01,医疗费用,155376,已支付
1431,1745,772,2026-08-31,医疗保险,215282,审核中
1432,358,176,2024-08-14,伤残赔偿,7515,审核中
1433,418,391,2025-01-18,医疗保险,9545,已完成
1434,1380,651,2025-06-27,工伤保险,97153,已完成
1435,1570,264,2025-12-05,康复费用,13635,待审核
1436,1599,539,2026-09-04,医疗费用,72993,已完成
1437,217,230,2025-03-01,医疗费用,89644,待审核
1438,1159,1,2026-09-08,康复费用,137766,已拒绝
1439,215,669,2026-07-14,康复费用,101589,待审核
1440,735,149,2026-08-04,工伤保险,207915,已完成
1441,1527,252,2026-04-18,误工费,26095,已拒绝
1442,809,396,2026-09-04,误工费,26345,已拒绝
1443,1535,809,2026-08-20,工伤保险,383448,待审核
1444,630,133,2026-09-03,伤残赔偿,60319,已支付
1445,1829,349,2026-09-07,医疗保险,429866,待审核
1446,1356,409,2026-09-08,医疗保险,142727,已拒绝
1447,589,116,2025-04-06,医疗保险,5514,审核中
1448,887,937,2026-07-19,误工费,56430,待审核
1449,1120,376,2025-12-18,医疗费用,12934,已拒绝
1450,85,504,2026-03-20,工伤保险,5632,已完成
1451,1927,570,2026-07-16,工伤保险,144531,待审核
1452,1904,433,2026-05-22,误工费,416557,已拒绝
1453,57,443,2026-08-10,工伤保险,52096,已支付
1454,497,331,2026-04-20,工伤保险,50871,已批准
1455,1445,439,2025-11-29,伤残赔偿,3534,已支付
1456,1949,878,2026-07-23,误工费,75582,审核中
1457,4,180,2025-06-17,康复费用,272710,待审核
1458,1026,557,2025-12-04,康复费用,59162,待审核
1459,58,90,2025-02-18,伤残赔偿,91602,已完成
1460,1290,257,2025-08-20,医疗费用,33247,已批准
1461,257,49,2025-12-13,康复费用,70230,已完成
1462,1690,772,2026-02-08,医疗费用,190708,已完成
1463,1502,943,2025-11-21,误工费,144297,已拒绝
1464,1958,317,2026-04-25,康复费用,129069,已批准
1465,305,220,2024-06-08,康复费用,351271,审核中
1466,492,489,2025-06-17,伤残赔偿,132276,已支付
1467,1084,206,2025-12-05,医疗保险,3543,已拒绝
1468,145,424,2025-11-28,误工费,56752,已批准
1469,273,289,2025-02-10,伤残赔偿,10028,已拒绝
1470,615,390,2025-11-10,医疗费用,121448,已支付
1471,882,787,2024-10-19,医疗保险,54338,审核中
1472,546,775,2026-09-06,康复费用,11610,待审核
1473,1757,433,2026-02-24,医疗费用,18980,已拒绝
1474,926,303,2026-08-07,医疗保险,133153,审核中
1475,1891,541,2026-05-18,伤残赔偿,92555,已拒绝
1476,1995,303,2025-07-17,伤残赔偿,223903,审核中
1477,296,124,2026-09-08,工伤保险,374310,已支付
1478,331,611,2025-07-12,伤残赔偿,179758,待审核
1479,59,248,2025-12-06,康复费用,100324,已批准
1480,1095,62,2024-03-21,工伤保险,135619,已完成
1481,1818,445,2026-05-02,康复费用,18943,已支付
1482,674,305,2025-11-17,医疗保险,77150,已拒绝
1483,570,793,2025-07-05,康复费用,11738,已支付
1484,1677,660,2026-07-22,误工费,44076,已批准
1485,1087,441,2026-08-25,医疗保险,8682,审核中
1486,348,904,2025-11-19,误工费,5470,已完成
1487,1808,15,2026-05-17,工伤保险,178457,待审核
1488,963,407,2026-05-16,康复费用,56966,已批准
1489,736,157,2026-06-14,伤残赔偿,124559,已拒绝
1490,1145,96,2026-09-02,医疗费用,190705,已批准
1491,925,319,2026-06-15,康复费用,12526,已支付
1492,587,80,2025-06-17,医疗保险,419487,审核中
1493,162,949,2026-06-15,康复费用,160252,审核中
1494,1550,567,2026-03-21,医疗费用,41733,已完成
1495,399,962,2025-10-08,误工费,13870,已支付
1496,1960,453,2026-06-29,工伤保险,10958,已批准
1497,1589,37,2024-01-24,工伤保险,354014,已拒绝
1498,797,287,2026-06-09,伤残赔偿,142947,已支付
1499,1673,682,2026-08-24,医疗保险,294311,已支付
1500,644,137,2026-07-12,康复费用,76580,待审核
