employee_id,organisation_id,job_role,department,employment_type,region,start_date
1,70,项目经理,维修部,全职,西南,2025-06-28
2,41,专员,研发部,全职,西南,2026-08-13
3,41,总监,市场部,合同工,西南,2026-06-02
4,17,助理,维修部,实习生,华北,2022-04-20
5,8,分析师,工程部,临时工,西北,2023-08-16
6,16,技术员,维修部,兼职,华南,2023-07-16
7,5,操作员,财务部,兼职,西北,2022-09-09
8,68,技术员,研发部,临时工,华南,2022-10-05
9,61,操作员,市场部,兼职,西北,2022-03-01
10,29,总监,安全部,临时工,华南,2022-12-28
11,76,顾问,人事部,临时工,西南,2022-12-06
12,24,主管,物流部,实习生,西北,2024-05-18
13,71,项目经理,人事部,兼职,西南,2023-01-26
14,87,安全主管,研发部,全职,华东,2024-10-02
15,84,主管,工程部,全职,华北,2024-07-20
16,72,技术员,工程部,合同工,华南,2023-06-03
17,73,主管,人事部,合同工,东北,2023-08-24
18,29,专员,运营部,临时工,华南,2024-08-04
19,85,助理,物流部,兼职,西北,2024-08-18
20,84,专员,物流部,全职,华北,2023-11-21
21,67,操作员,物流部,实习生,东北,2023-04-07
22,88,总监,人事部,临时工,华东,2022-12-18
23,64,项目经理,工程部,临时工,西北,2022-07-17
24,60,技术员,运营部,兼职,西北,2023-02-19
25,57,经理,市场部,实习生,东北,2021-12-28
26,16,工程师,人事部,实习生,华南,2022-05-01
27,50,经理,维修部,兼职,华东,2024-04-29
28,81,操作员,物流部,合同工,华东,2025-03-12
29,4,专员,运营部,兼职,华北,2022-09-28
30,81,经理,生产部,临时工,华东,2022-12-18
31,47,主管,物流部,合同工,华东,2023-06-24
32,30,技术员,人事部,合同工,华北,2022-01-31
33,72,操作员,生产部,兼职,华南,2025-03-12
34,73,分析师,安全部,合同工,东北,2022-05-24
35,28,工程师,维修部,实习生,华南,2025-05-24
36,40,顾问,财务部,全职,西北,2025-03-31
37,27,助理,市场部,实习生,华东,2021-11-28
38,52,项目经理,研发部,实习生,华东,2025-10-22
39,72,经理,物流部,合同工,华南,2021-10-13
40,69,技术员,研发部,临时工,华南,2022-05-29
41,84,工程师,市场部,全职,华北,2023-10-23
42,91,技术员,工程部,合同工,华北,2023-10-16
43,85,总监,市场部,临时工,西北,2022-07-21
44,62,技术员,市场部,全职,华南,2022-06-17
45,95,助理,人事部,实习生,华东,2024-03-27
46,1,专员,安全部,全职,华中,2022-05-29
47,46,工程师,财务部,兼职,华北,2025-10-14
48,50,工程师,财务部,合同工,华东,2023-06-21
49,81,分析师,运营部,临时工,华东,2022-01-22
50,6,总监,人事部,实习生,西北,2022-06-19
51,59,操作员,运营部,临时工,西北,2022-01-17
52,64,工程师,维修部,合同工,西北,2025-12-10
53,89,分析师,财务部,实习生,华南,2022-05-07
54,17,专员,研发部,全职,华北,2023-06-29
55,60,总监,人事部,临时工,西北,2026-06-27
56,61,主管,维修部,实习生,西北,2023-02-28
57,44,专员,财务部,实习生,西北,2024-05-24
58,30,助理,运营部,全职,华北,2023-09-19
59,20,工程师,物流部,全职,东北,2023-05-06
60,98,安全主管,工程部,临时工,华北,2022-12-11
61,17,总监,工程部,兼职,华北,2026-05-05
62,85,主管,生产部,全职,西北,2022-07-14
63,44,经理,维修部,兼职,西北,2025-04-07
64,84,顾问,维修部,合同工,华北,2023-08-11
65,79,分析师,财务部,合同工,华北,2023-11-28
66,41,助理,生产部,实习生,西南,2026-02-08
67,16,分析师,研发部,临时工,华南,2022-12-20
68,83,总监,人事部,合同工,华南,2025-07-16
69,13,工程师,财务部,全职,华北,2022-06-17
70,65,工程师,安全部,实习生,华东,2025-05-11
71,26,安全主管,财务部,兼职,华南,2022-12-13
72,33,总监,生产部,全职,华东,2025-02-22
73,90,工程师,人事部,全职,华南,2023-02-19
74,18,操作员,生产部,兼职,华东,2021-09-12
75,49,助理,维修部,临时工,华北,2024-07-05
76,4,工程师,安全部,实习生,华北,2025-03-30
77,67,工程师,研发部,全职,东北,2024-06-14
78,46,安全主管,工程部,兼职,华北,2023-07-28
79,3,技术员,运营部,兼职,西南,2026-03-10
80,47,总监,人事部,合同工,华东,2022-03-26
81,26,顾问,运营部,临时工,华南,2024-05-20
82,10,总监,安全部,合同工,华东,2024-01-03
83,61,顾问,安全部,实习生,西北,2024-03-12
84,92,工程师,市场部,全职,西北,2022-01-23
85,57,工程师,财务部,兼职,东北,2025-11-12
86,99,项目经理,安全部,实习生,华中,2022-03-26
87,95,分析师,财务部,合同工,华东,2022-03-23
88,38,安全主管,生产部,实习生,西北,2022-06-12
89,73,总监,市场部,实习生,东北,2025-06-24
90,26,助理,工程部,全职,华南,2021-11-30
91,82,顾问,安全部,临时工,华东,2024-11-13
92,65,工程师,工程部,实习生,华东,2023-09-16
93,14,技术员,市场部,兼职,华北,2023-02-11
94,98,安全主管,生产部,临时工,华北,2024-04-22
95,82,技术员,市场部,合同工,华东,2022-10-24
96,37,工程师,物流部,实习生,华中,2026-04-16
97,29,安全主管,安全部,全职,华南,2022-07-27
98,55,工程师,财务部,兼职,东北,2022-03-05
99,16,项目经理,运营部,临时工,华南,2022-06-04
100,72,安全主管,维修部,合同工,华南,2022-11-27
101,28,总监,市场部,合同工,华南,2022-04-14
102,1,经理,维修部,临时工,华中,2023-04-04
103,58,助理,研发部,全职,华东,2023-09-01
104,61,专员,人事部,实习生,西北,2026-06-29
105,6,总监,安全部,实习生,西北,2025-05-22
106,25,主管,工程部,实习生,华东,2025-08-14
107,71,主管,安全部,兼职,西南,2022-10-03
108,23,项目经理,生产部,全职,东北,2023-08-22
109,17,操作员,生产部,合同工,华北,2021-09-17
110,16,顾问,财务部,全职,华南,2026-07-18
111,62,分析师,维修部,兼职,华南,2026-02-23
112,44,项目经理,工程部,全职,西北,2025-03-27
113,2,项目经理,市场部,全职,华东,2023-11-08
114,40,专员,工程部,全职,西北,2023-10-12
115,50,工程师,研发部,合同工,华东,2026-08-23
116,61,安全主管,安全部,实习生,西北,2024-01-22
117,49,主管,市场部,兼职,华北,2022-10-15
118,56,项目经理,运营部,兼职,华北,2021-12-01
119,50,操作员,研发部,合同工,华东,2022-07-24
120,16,安全主管,研发部,合同工,华南,2022-08-20
121,16,分析师,财务部,全职,华南,2022-10-12
122,68,主管,生产部,全职,华南,2025-06-11
123,52,项目经理,运营部,实习生,华东,2026-03-16
124,64,项目经理,安全部,兼职,西北,2026-08-15
125,96,经理,市场部,全职,华南,2024-08-07
126,19,技术员,安全部,临时工,华东,2025-12-31
127,30,技术员,人事部,临时工,华北,2024-06-17
128,85,操作员,人事部,实习生,西北,2022-07-29
129,58,助理,物流部,合同工,华东,2022-07-25
130,73,助理,市场部,合同工,东北,2021-09-16
131,53,操作员,安全部,全职,华东,2026-02-02
132,47,专员,生产部,合同工,华东,2022-05-01
133,99,操作员,研发部,实习生,华中,2026-03-31
134,84,技术员,物流部,临时工,华北,2025-06-22
135,56,工程师,生产部,全职,华北,2021-12-24
136,22,工程师,研发部,实习生,华东,2022-04-18
137,57,操作员,运营部,临时工,东北,2024-05-09
138,42,总监,市场部,实习生,华东,2026-06-22
139,70,专员,财务部,合同工,西南,2025-10-05
140,55,技术员,安全部,兼职,东北,2024-02-04
141,63,专员,维修部,实习生,华南,2024-08-11
142,12,总监,财务部,实习生,华北,2023-05-19
143,41,专员,运营部,实习生,西南,2022-02-25
144,40,安全主管,物流部,合同工,西北,2021-10-01
145,89,工程师,运营部,全职,华南,2023-09-30
146,14,专员,市场部,临时工,华北,2023-03-26
147,58,安全主管,维修部,兼职,华东,2026-07-26
148,55,主管,人事部,合同工,东北,2022-01-20
149,59,总监,市场部,临时工,西北,2026-06-13
150,68,技术员,生产部,合同工,华南,2023-12-11
151,94,项目经理,研发部,全职,西北,2026-07-24
152,86,主管,生产部,兼职,西南,2025-05-21
153,48,分析师,生产部,兼职,华南,2022-05-28
154,4,经理,市场部,实习生,华北,2025-11-01
155,83,工程师,人事部,合同工,华南,2023-07-25
156,41,总监,市场部,兼职,西南,2022-12-06
157,25,专员,生产部,兼职,华东,2025-12-18
158,30,分析师,人事部,临时工,华北,2023-11-07
159,95,工程师,生产部,临时工,华东,2025-11-15
160,18,工程师,研发部,实习生,华东,2025-03-16
161,86,总监,维修部,兼职,西南,2022-10-24
162,42,操作员,工程部,兼职,华东,2026-06-05
163,18,技术员,工程部,合同工,华东,2023-12-30
164,77,助理,维修部,合同工,华南,2022-04-12
165,100,项目经理,物流部,合同工,东北,2025-03-06
166,27,助理,工程部,临时工,华东,2026-03-20
167,26,专员,人事部,全职,华南,2026-03-02
168,21,项目经理,安全部,实习生,华东,2022-04-14
169,48,技术员,工程部,合同工,华南,2023-01-20
170,19,总监,人事部,实习生,华东,2024-04-26
171,73,专员,生产部,合同工,东北,2021-10-26
172,36,专员,运营部,全职,东北,2026-08-19
173,42,安全主管,物流部,实习生,华东,2024-12-18
174,4,安全主管,运营部,实习生,华北,2026-08-14
175,91,主管,生产部,全职,华北,2024-02-28
176,91,分析师,安全部,兼职,华北,2022-08-07
177,47,安全主管,财务部,临时工,华东,2025-06-08
178,60,操作员,生产部,实习生,西北,2023-10-29
179,10,分析师,维修部,全职,华东,2022-06-04
180,42,主管,维修部,临时工,华东,2022-07-17
181,42,顾问,生产部,实习生,华东,2022-11-08
182,14,顾问,人事部,实习生,华北,2022-03-26
183,89,经理,安全部,兼职,华南,2025-04-29
184,54,分析师,人事部,临时工,华东,2024-12-21
185,43,工程师,市场部,合同工,华东,2022-08-17
186,99,工程师,运营部,兼职,华中,2023-12-03
187,58,安全主管,市场部,临时工,华东,2024-03-13
188,94,安全主管,财务部,兼职,西北,2024-07-03
189,56,技术员,人事部,临时工,华北,2023-10-15
190,24,顾问,维修部,实习生,西北,2026-04-15
191,2,分析师,运营部,合同工,华东,2021-12-15
192,63,操作员,运营部,临时工,华南,2024-12-19
193,33,专员,工程部,合同工,华东,2025-04-08
194,44,主管,物流部,全职,西北,2026-07-24
195,2,项目经理,运营部,兼职,华东,2022-03-04
196,21,工程师,财务部,临时工,华东,2023-11-26
197,66,安全主管,工程部,临时工,华南,2023-03-23
198,76,技术员,运营部,临时工,西南,2021-12-06
199,92,技术员,维修部,实习生,西北,2024-12-30
200,97,助理,工程部,全职,西南,2025-10-12
201,91,顾问,安全部,全职,华北,2022-03-16
202,87,工程师,运营部,全职,华东,2025-06-29
203,26,主管,物流部,实习生,华南,2023-12-03
204,94,主管,维修部,全职,西北,2025-09-19
205,84,安全主管,市场部,兼职,华北,2026-03-13
206,85,总监,市场部,合同工,西北,2022-02-11
207,87,技术员,生产部,合同工,华东,2025-09-29
208,41,专员,工程部,合同工,西南,2023-11-18
209,1,主管,财务部,合同工,华中,2026-06-09
210,96,操作员,财务部,合同工,华南,2023-11-17
211,81,操作员,研发部,临时工,华东,2026-08-06
212,93,顾问,研发部,全职,西北,2025-12-23
213,66,技术员,工程部,实习生,华南,2023-04-27
214,73,技术员,市场部,合同工,东北,2023-05-28
215,14,项目经理,运营部,临时工,华北,2024-06-29
216,12,分析师,运营部,临时工,华北,2024-02-17
217,9,总监,物流部,全职,西北,2024-11-11
218,79,顾问,运营部,全职,华北,2023-10-22
219,26,助理,物流部,全职,华南,2022-08-01
220,41,顾问,财务部,合同工,西南,2022-12-06
221,87,经理,生产部,临时工,华东,2024-02-05
222,24,操作员,市场部,合同工,西北,2025-07-02
223,92,工程师,维修部,全职,西北,2024-05-13
224,12,安全主管,人事部,实习生,华北,2023-05-19
225,35,安全主管,市场部,全职,西北,2024-05-28
226,50,顾问,市场部,合同工,华东,2025-09-18
227,10,操作员,工程部,全职,华东,2024-02-06
228,82,安全主管,工程部,兼职,华东,2026-08-13
229,97,工程师,生产部,兼职,西南,2024-06-11
230,26,项目经理,安全部,合同工,华南,2023-03-28
231,84,总监,工程部,兼职,华北,2025-12-19
232,3,助理,运营部,全职,西南,2023-06-15
233,60,主管,财务部,实习生,西北,2022-08-06
234,61,项目经理,人事部,临时工,西北,2022-01-22
235,16,主管,市场部,临时工,华南,2023-12-24
236,75,经理,研发部,兼职,华中,2023-11-09
237,52,总监,物流部,合同工,华东,2025-08-21
238,98,安全主管,维修部,临时工,华北,2023-12-10
239,54,顾问,工程部,全职,华东,2025-03-31
240,43,技术员,财务部,合同工,华东,2022-09-15
241,66,经理,安全部,实习生,华南,2022-10-20
242,85,安全主管,市场部,临时工,西北,2025-07-06
243,83,经理,工程部,临时工,华南,2025-10-10
244,34,经理,市场部,全职,华中,2023-12-26
245,66,顾问,物流部,合同工,华南,2023-11-13
246,50,经理,安全部,合同工,华东,2023-09-21
247,76,工程师,人事部,兼职,西南,2024-04-24
248,47,技术员,运营部,兼职,华东,2025-08-16
249,32,助理,维修部,兼职,华中,2025-03-29
250,46,操作员,研发部,实习生,华北,2025-05-04
251,46,安全主管,工程部,实习生,华北,2026-04-08
252,88,操作员,研发部,临时工,华东,2025-12-04
253,11,工程师,财务部,实习生,华东,2021-10-19
254,25,项目经理,物流部,合同工,华东,2025-09-10
255,29,经理,安全部,实习生,华南,2022-11-25
256,57,工程师,工程部,合同工,东北,2021-11-15
257,10,操作员,安全部,实习生,华东,2023-07-21
258,17,操作员,工程部,实习生,华北,2025-12-13
259,24,总监,维修部,合同工,西北,2021-09-08
260,11,操作员,工程部,合同工,华东,2025-09-27
261,49,工程师,研发部,合同工,华北,2023-02-21
262,60,助理,财务部,临时工,西北,2023-09-02
263,21,工程师,工程部,临时工,华东,2024-03-11
264,70,助理,运营部,临时工,西南,2022-08-03
265,92,助理,生产部,全职,西北,2025-02-19
266,90,经理,维修部,合同工,华南,2023-05-06
267,33,操作员,安全部,临时工,华东,2025-11-08
268,100,助理,市场部,兼职,东北,2023-10-19
269,6,操作员,运营部,实习生,西北,2022-11-29
270,55,专员,研发部,兼职,东北,2022-08-27
271,30,顾问,财务部,实习生,华北,2024-01-09
272,50,顾问,财务部,全职,华东,2025-11-07
273,81,助理,工程部,合同工,华东,2022-11-08
274,99,分析师,工程部,实习生,华中,2026-02-20
275,100,工程师,市场部,全职,东北,2025-11-22
276,33,项目经理,安全部,合同工,华东,2025-08-27
277,19,操作员,物流部,全职,华东,2023-11-27
278,40,经理,人事部,临时工,西北,2022-07-27
279,92,项目经理,维修部,全职,西北,2021-11-21
280,37,总监,维修部,兼职,华中,2026-05-20
281,93,主管,财务部,实习生,西北,2025-11-16
282,61,工程师,运营部,实习生,西北,2026-05-08
283,98,顾问,运营部,兼职,华北,2022-05-19
284,95,顾问,物流部,全职,华东,2024-01-07
285,55,操作员,生产部,实习生,东北,2025-01-06
286,6,工程师,财务部,临时工,西北,2023-06-14
287,96,经理,财务部,合同工,华南,2022-10-28
288,12,专员,市场部,兼职,华北,2021-11-01
289,30,工程师,财务部,全职,华北,2022-06-24
290,67,安全主管,安全部,合同工,东北,2026-01-15
291,57,项目经理,市场部,实习生,东北,2025-07-24
292,7,安全主管,生产部,兼职,华南,2022-04-15
293,9,分析师,维修部,实习生,西北,2024-08-30
294,76,经理,研发部,实习生,西南,2024-07-31
295,2,安全主管,安全部,临时工,华东,2026-02-17
296,7,技术员,维修部,实习生,华南,2025-07-27
297,10,主管,生产部,临时工,华东,2024-03-24
298,15,项目经理,财务部,合同工,华中,2022-09-28
299,16,总监,生产部,兼职,华南,2022-02-12
300,5,技术员,物流部,临时工,西北,2022-09-04
301,88,助理,安全部,全职,华东,2022-09-21
302,100,分析师,生产部,实习生,东北,2022-06-26
303,72,专员,生产部,临时工,华南,2022-07-26
304,41,分析师,运营部,实习生,西南,2023-07-19
305,24,安全主管,生产部,临时工,西北,2025-09-13
306,96,经理,市场部,全职,华南,2022-04-23
307,57,安全主管,工程部,实习生,东北,2024-11-27
308,66,顾问,维修部,合同工,华南,2022-05-26
309,29,项目经理,运营部,全职,华南,2026-05-03
310,19,安全主管,市场部,兼职,华东,2022-10-19
311,11,项目经理,研发部,合同工,华东,2025-12-19
312,45,专员,维修部,临时工,东北,2026-07-05
313,38,总监,安全部,全职,西北,2024-01-29
314,31,工程师,财务部,合同工,华北,2021-10-31
315,7,工程师,人事部,合同工,华南,2023-01-29
316,72,安全主管,市场部,兼职,华南,2023-05-08
317,63,总监,工程部,实习生,华南,2021-09-08
318,70,分析师,生产部,全职,西南,2023-04-30
319,14,安全主管,市场部,合同工,华北,2025-06-08
320,83,操作员,市场部,合同工,华南,2024-03-20
321,6,分析师,安全部,实习生,西北,2024-06-29
322,78,安全主管,工程部,实习生,东北,2025-06-07
323,73,项目经理,市场部,实习生,东北,2024-09-24
324,43,技术员,生产部,合同工,华东,2025-07-12
325,6,主管,人事部,合同工,西北,2021-10-18
326,88,主管,研发部,全职,华东,2025-03-29
327,70,助理,安全部,实习生,西南,2022-07-19
328,21,总监,维修部,全职,华东,2022-10-12
329,98,主管,维修部,临时工,华北,2023-07-01
330,95,工程师,人事部,兼职,华东,2023-02-24
331,81,主管,物流部,实习生,华东,2024-01-01
332,5,助理,人事部,临时工,西北,2021-11-14
333,19,主管,工程部,全职,华东,2025-08-15
334,50,分析师,财务部,合同工,华东,2026-02-20
335,24,主管,维修部,兼职,西北,2022-01-14
336,99,安全主管,研发部,临时工,华中,2024-07-06
337,40,专员,运营部,临时工,西北,2025-08-10
338,5,安全主管,运营部,实习生,西北,2022-10-12
339,35,工程师,财务部,兼职,西北,2023-10-25
340,47,专员,人事部,临时工,华东,2026-08-15
341,14,工程师,运营部,兼职,华北,2024-04-10
342,30,项目经理,人事部,临时工,华北,2021-10-06
343,6,经理,生产部,兼职,西北,2022-03-24
344,48,工程师,市场部,合同工,华南,2026-01-05
345,64,技术员,财务部,临时工,西北,2024-10-15
346,65,助理,人事部,临时工,华东,2023-03-13
347,67,经理,研发部,全职,东北,2022-05-10
348,73,操作员,生产部,全职,东北,2024-08-12
349,47,工程师,工程部,合同工,华东,2026-08-20
350,16,助理,维修部,兼职,华南,2026-08-30
351,1,安全主管,工程部,兼职,华中,2025-03-21
352,97,工程师,研发部,实习生,西南,2025-06-11
353,91,工程师,安全部,合同工,华北,2025-12-25
354,42,工程师,生产部,全职,华东,2023-05-03
355,48,顾问,人事部,临时工,华南,2023-10-13
356,37,助理,安全部,实习生,华中,2023-07-15
357,96,主管,维修部,全职,华南,2025-07-14
358,59,总监,维修部,实习生,西北,2022-05-06
359,17,专员,市场部,合同工,华北,2026-04-14
360,92,工程师,安全部,临时工,西北,2023-12-03
361,79,总监,研发部,合同工,华北,2025-06-20
362,9,经理,物流部,兼职,西北,2026-02-15
363,44,操作员,生产部,全职,西北,2023-10-31
364,58,总监,人事部,全职,华东,2026-02-15
365,14,主管,研发部,实习生,华北,2024-02-29
366,75,助理,研发部,全职,华中,2025-06-02
367,47,顾问,工程部,兼职,华东,2023-03-13
368,35,主管,研发部,临时工,西北,2022-12-08
369,19,总监,财务部,实习生,华东,2022-02-08
370,75,助理,生产部,合同工,华中,2022-12-02
371,75,技术员,财务部,全职,华中,2025-12-19
372,57,专员,人事部,实习生,东北,2022-08-09
373,77,主管,财务部,全职,华南,2024-08-06
374,34,技术员,财务部,兼职,华中,2024-03-31
375,43,操作员,财务部,实习生,华东,2024-09-19
376,12,经理,财务部,临时工,华北,2025-04-28
377,41,操作员,研发部,实习生,西南,2024-02-10
378,11,操作员,财务部,临时工,华东,2025-02-04
379,1,顾问,生产部,全职,华中,2023-10-29
380,57,助理,运营部,兼职,东北,2024-02-08
381,51,主管,市场部,合同工,华北,2026-03-14
382,76,主管,研发部,实习生,西南,2023-05-17
383,36,技术员,物流部,临时工,东北,2025-06-14
384,10,操作员,运营部,临时工,华东,2024-06-01
385,17,安全主管,工程部,实习生,华北,2021-09-21
386,12,经理,物流部,兼职,华北,2025-09-16
387,92,技术员,财务部,临时工,西北,2024-12-08
388,9,顾问,研发部,临时工,西北,2023-07-23
389,84,专员,研发部,实习生,华北,2022-06-26
390,67,操作员,市场部,兼职,东北,2024-12-24
391,14,分析师,财务部,兼职,华北,2023-09-13
392,67,技术员,人事部,合同工,东北,2024-03-24
393,56,专员,工程部,临时工,华北,2025-03-03
394,64,技术员,物流部,临时工,西北,2023-12-14
395,16,安全主管,市场部,兼职,华南,2024-08-26
396,8,专员,人事部,实习生,西北,2026-07-11
397,73,分析师,人事部,临时工,东北,2023-08-04
398,14,总监,研发部,全职,华北,2026-03-29
399,1,安全主管,生产部,临时工,华中,2025-04-03
400,77,总监,财务部,实习生,华南,2024-07-07
401,80,操作员,财务部,兼职,华南,2025-06-16
402,42,经理,维修部,合同工,华东,2022-01-24
403,20,工程师,生产部,实习生,东北,2022-03-25
404,86,经理,市场部,临时工,西南,2025-03-20
405,9,总监,安全部,合同工,西北,2022-07-11
406,67,专员,人事部,合同工,东北,2021-11-12
407,17,技术员,维修部,合同工,华北,2025-01-20
408,100,操作员,物流部,临时工,东北,2023-04-04
409,4,顾问,运营部,兼职,华北,2026-08-06
410,6,经理,生产部,实习生,西北,2022-12-06
411,15,安全主管,物流部,兼职,华中,2025-10-25
412,67,分析师,物流部,全职,东北,2025-03-12
413,60,操作员,工程部,兼职,西北,2024-09-19
414,64,专员,运营部,合同工,西北,2022-09-29
415,6,专员,工程部,实习生,西北,2024-11-02
416,36,操作员,工程部,合同工,东北,2022-03-28
417,53,安全主管,运营部,兼职,华东,2025-03-11
418,64,总监,维修部,实习生,西北,2022-06-08
419,74,项目经理,物流部,兼职,华北,2023-07-15
420,34,专员,人事部,合同工,华中,2025-03-02
421,74,主管,运营部,全职,华北,2023-08-01
422,31,经理,物流部,合同工,华北,2023-02-08
423,47,经理,物流部,合同工,华东,2025-08-18
424,67,专员,财务部,临时工,东北,2021-10-23
425,92,总监,维修部,全职,西北,2023-04-11
426,3,分析师,物流部,临时工,西南,2022-03-10
427,41,专员,财务部,兼职,西南,2021-09-11
428,31,项目经理,物流部,合同工,华北,2023-01-26
429,62,技术员,安全部,临时工,华南,2025-06-07
430,56,安全主管,人事部,兼职,华北,2021-11-01
431,70,项目经理,研发部,兼职,西南,2023-07-01
432,89,助理,财务部,实习生,华南,2024-10-26
433,6,项目经理,人事部,全职,西北,2023-11-27
434,6,专员,运营部,合同工,西北,2026-05-14
435,90,助理,生产部,合同工,华南,2024-04-03
436,90,项目经理,市场部,临时工,华南,2024-02-09
437,100,安全主管,安全部,合同工,东北,2024-03-31
438,99,技术员,人事部,合同工,华中,2026-06-15
439,55,安全主管,运营部,兼职,东北,2024-04-25
440,25,主管,研发部,合同工,华东,2025-06-28
441,79,操作员,财务部,全职,华北,2026-02-21
442,63,技术员,物流部,临时工,华南,2025-06-17
443,16,经理,工程部,全职,华南,2025-11-17
444,59,技术员,市场部,实习生,西北,2024-11-22
445,11,分析师,生产部,合同工,华东,2025-05-15
446,76,助理,研发部,临时工,西南,2022-02-24
447,31,分析师,安全部,兼职,华北,2026-06-05
448,85,总监,研发部,合同工,西北,2023-10-09
449,25,分析师,生产部,全职,华东,2026-05-14
450,87,工程师,研发部,全职,华东,2024-05-18
451,1,工程师,运营部,实习生,华中,2025-06-15
452,43,分析师,物流部,全职,华东,2024-09-29
453,2,工程师,安全部,合同工,华东,2023-05-16
454,73,技术员,运营部,全职,东北,2026-07-22
455,95,经理,工程部,合同工,华东,2025-11-13
456,86,安全主管,生产部,全职,西南,2023-09-26
457,97,技术员,财务部,临时工,西南,2024-12-24
458,84,助理,生产部,全职,华北,2023-04-07
459,4,安全主管,生产部,临时工,华北,2023-01-07
460,85,经理,财务部,合同工,西北,2026-07-09
461,85,项目经理,安全部,兼职,西北,2023-05-08
462,98,经理,物流部,实习生,华北,2025-01-30
463,58,经理,人事部,全职,华东,2023-03-09
464,43,经理,人事部,实习生,华东,2024-02-11
465,9,分析师,研发部,全职,西北,2022-08-07
466,97,顾问,物流部,合同工,西南,2023-08-13
467,52,操作员,市场部,临时工,华东,2023-02-16
468,41,总监,安全部,实习生,西南,2026-03-05
469,45,安全主管,运营部,合同工,东北,2022-08-06
470,90,操作员,安全部,临时工,华南,2025-12-02
471,20,顾问,物流部,全职,东北,2025-06-08
472,86,专员,安全部,合同工,西南,2025-09-23
473,22,项目经理,市场部,全职,华东,2026-08-19
474,52,分析师,工程部,实习生,华东,2025-05-14
475,24,分析师,研发部,合同工,西北,2024-04-18
476,47,技术员,财务部,临时工,华东,2025-11-28
477,94,主管,生产部,实习生,西北,2026-09-01
478,52,技术员,工程部,全职,华东,2021-09-27
479,74,专员,财务部,临时工,华北,2025-09-29
480,14,工程师,运营部,临时工,华北,2026-01-28
481,46,分析师,物流部,临时工,华北,2025-12-05
482,58,专员,生产部,兼职,华东,2023-08-16
483,43,工程师,生产部,实习生,华东,2026-02-18
484,13,操作员,人事部,全职,华北,2022-01-20
485,38,主管,生产部,兼职,西北,2026-04-19
486,9,主管,人事部,兼职,西北,2026-06-25
487,74,顾问,研发部,实习生,华北,2024-11-16
488,13,分析师,工程部,实习生,华北,2025-12-04
489,80,项目经理,研发部,临时工,华南,2022-11-08
490,83,项目经理,财务部,临时工,华南,2022-06-10
491,94,操作员,维修部,兼职,西北,2026-06-11
492,82,顾问,人事部,实习生,华东,2025-06-16
493,58,工程师,研发部,临时工,华东,2022-09-05
494,24,工程师,人事部,合同工,西北,2022-08-12
495,33,技术员,运营部,全职,华东,2023-06-14
496,5,安全主管,运营部,临时工,西北,2023-04-14
497,83,安全主管,财务部,全职,华南,2022-11-15
498,38,经理,工程部,合同工,西北,2025-07-25
499,91,分析师,运营部,兼职,华北,2023-06-22
500,5,专员,运营部,实习生,西北,2022-01-29
501,27,安全主管,市场部,实习生,华东,2022-09-02
502,31,助理,研发部,全职,华北,2024-06-03
503,16,顾问,财务部,合同工,华南,2024-12-10
504,28,操作员,财务部,实习生,华南,2025-06-15
505,87,顾问,物流部,全职,华东,2023-10-19
506,77,顾问,研发部,实习生,华南,2022-09-11
507,39,助理,工程部,实习生,华中,2025-10-15
508,27,总监,人事部,临时工,华东,2025-09-27
509,85,分析师,安全部,兼职,西北,2024-08-13
510,20,工程师,工程部,全职,东北,2024-01-03
511,7,专员,工程部,全职,华南,2023-09-18
512,36,项目经理,生产部,全职,东北,2023-07-09
513,8,专员,人事部,临时工,西北,2024-04-08
514,100,技术员,人事部,实习生,东北,2025-06-24
515,96,工程师,研发部,兼职,华南,2024-09-07
516,61,专员,物流部,合同工,西北,2023-08-27
517,42,项目经理,运营部,合同工,华东,2024-06-19
518,24,经理,市场部,兼职,西北,2024-11-02
519,11,技术员,维修部,实习生,华东,2021-09-27
520,74,专员,市场部,兼职,华北,2023-05-07
521,64,顾问,研发部,临时工,西北,2022-04-06
522,42,安全主管,物流部,临时工,华东,2025-09-22
523,65,安全主管,生产部,全职,华东,2024-04-04
524,65,专员,物流部,全职,华东,2024-12-09
525,18,总监,研发部,全职,华东,2024-03-19
526,91,助理,生产部,实习生,华北,2024-12-29
527,31,工程师,物流部,兼职,华北,2023-11-01
528,73,技术员,人事部,临时工,东北,2023-12-16
529,36,工程师,生产部,临时工,东北,2026-03-17
530,54,分析师,维修部,临时工,华东,2026-05-19
531,46,工程师,市场部,临时工,华北,2023-08-16
532,99,主管,物流部,实习生,华中,2022-12-21
533,28,顾问,人事部,临时工,华南,2023-09-22
534,82,总监,物流部,兼职,华东,2024-03-28
535,94,分析师,工程部,全职,西北,2024-05-03
536,28,技术员,生产部,全职,华南,2023-08-14
537,44,安全主管,物流部,临时工,西北,2022-06-25
538,66,安全主管,运营部,兼职,华南,2026-07-01
539,20,安全主管,安全部,临时工,东北,2026-07-12
540,18,操作员,物流部,全职,华东,2022-11-19
541,22,经理,财务部,全职,华东,2025-12-16
542,99,顾问,市场部,全职,华中,2023-07-06
543,73,分析师,人事部,实习生,东北,2022-04-10
544,9,操作员,维修部,合同工,西北,2022-08-21
545,3,主管,安全部,实习生,西南,2023-09-28
546,92,助理,研发部,全职,西北,2022-05-26
547,80,总监,维修部,临时工,华南,2023-06-15
548,61,分析师,维修部,临时工,西北,2021-12-23
549,100,经理,工程部,临时工,东北,2026-04-01
550,85,安全主管,人事部,临时工,西北,2024-09-08
551,96,顾问,运营部,全职,华南,2025-12-09
552,8,安全主管,工程部,全职,西北,2022-01-23
553,1,安全主管,研发部,全职,华中,2025-02-12
554,86,主管,研发部,临时工,西南,2024-03-04
555,36,分析师,生产部,实习生,东北,2025-03-05
556,76,安全主管,安全部,实习生,西南,2026-07-22
557,100,助理,人事部,全职,东北,2022-02-10
558,36,安全主管,人事部,全职,东北,2025-12-09
559,64,分析师,运营部,全职,西北,2024-09-13
560,61,专员,研发部,实习生,西北,2025-01-01
561,18,主管,维修部,合同工,华东,2025-05-03
562,81,分析师,市场部,实习生,华东,2024-05-13
563,88,专员,运营部,全职,华东,2022-10-16
564,66,分析师,市场部,全职,华南,2025-09-21
565,7,专员,运营部,临时工,华南,2024-05-19
566,38,主管,财务部,全职,西北,2026-01-23
567,63,分析师,财务部,合同工,华南,2022-06-19
568,77,经理,生产部,兼职,华南,2022-02-08
569,9,总监,安全部,临时工,西北,2023-06-24
570,34,分析师,维修部,全职,华中,2026-01-05
571,83,分析师,财务部,全职,华南,2021-10-16
572,46,操作员,运营部,兼职,华北,2022-08-01
573,3,顾问,研发部,全职,西南,2024-07-05
574,65,总监,维修部,实习生,华东,2026-08-04
575,11,工程师,人事部,实习生,华东,2021-12-12
576,85,经理,安全部,实习生,西北,2022-02-18
577,47,技术员,安全部,临时工,华东,2025-05-23
578,53,安全主管,物流部,兼职,华东,2022-08-11
579,85,操作员,财务部,合同工,西北,2025-06-07
580,43,技术员,运营部,兼职,华东,2025-03-23
581,83,主管,市场部,合同工,华南,2026-06-21
582,58,经理,工程部,全职,华东,2025-10-07
583,97,总监,运营部,实习生,西南,2026-04-09
584,58,主管,财务部,兼职,华东,2022-01-30
585,48,助理,物流部,合同工,华南,2025-10-05
586,88,助理,市场部,实习生,华东,2023-08-07
587,25,技术员,运营部,临时工,华东,2023-11-22
588,97,技术员,研发部,全职,西南,2025-12-31
589,23,总监,维修部,合同工,东北,2023-10-27
590,93,安全主管,安全部,临时工,西北,2022-12-18
591,38,安全主管,安全部,全职,西北,2022-06-22
592,36,经理,市场部,临时工,东北,2026-06-07
593,15,操作员,财务部,全职,华中,2022-02-12
594,59,经理,维修部,临时工,西北,2023-09-11
595,50,安全主管,人事部,全职,华东,2023-08-13
596,92,经理,安全部,全职,西北,2023-05-26
597,81,顾问,工程部,合同工,华东,2025-04-05
598,38,总监,维修部,全职,西北,2026-02-18
599,53,主管,工程部,兼职,华东,2021-09-10
600,10,安全主管,物流部,兼职,华东,2022-12-10
601,58,助理,安全部,合同工,华东,2023-02-02
602,73,专员,市场部,全职,东北,2022-12-11
603,21,经理,人事部,全职,华东,2022-08-11
604,47,工程师,人事部,实习生,华东,2025-07-24
605,69,技术员,财务部,全职,华南,2025-09-03
606,61,经理,生产部,临时工,西北,2022-06-25
607,39,助理,生产部,全职,华中,2026-08-28
608,99,项目经理,物流部,实习生,华中,2026-08-05
609,60,助理,生产部,实习生,西北,2025-09-01
610,98,项目经理,工程部,合同工,华北,2026-05-31
611,90,助理,市场部,兼职,华南,2024-05-19
612,13,总监,生产部,实习生,华北,2024-02-24
613,51,分析师,运营部,兼职,华北,2024-01-17
614,1,总监,人事部,兼职,华中,2022-10-30
615,60,项目经理,运营部,兼职,西北,2025-09-01
616,41,操作员,工程部,合同工,西南,2026-08-02
617,14,操作员,生产部,全职,华北,2023-08-13
618,93,顾问,维修部,全职,西北,2024-10-27
619,60,工程师,安全部,实习生,西北,2023-02-07
620,80,专员,安全部,合同工,华南,2026-01-06
621,70,顾问,运营部,临时工,西南,2023-09-24
622,94,分析师,研发部,实习生,西北,2026-02-01
623,1,助理,工程部,实习生,华中,2026-05-21
624,76,安全主管,市场部,合同工,西南,2023-05-20
625,50,项目经理,工程部,实习生,华东,2025-07-14
626,49,技术员,运营部,合同工,华北,2024-07-14
627,39,项目经理,维修部,兼职,华中,2022-03-30
628,59,安全主管,维修部,全职,西北,2025-09-14
629,11,主管,工程部,兼职,华东,2025-08-04
630,33,项目经理,运营部,临时工,华东,2026-08-11
631,79,技术员,人事部,临时工,华北,2023-08-27
632,4,工程师,市场部,兼职,华北,2025-04-11
633,84,技术员,维修部,临时工,华北,2022-12-21
634,27,专员,运营部,临时工,华东,2022-05-02
635,24,主管,生产部,临时工,西北,2023-05-31
636,30,工程师,生产部,全职,华北,2021-12-03
637,51,操作员,维修部,合同工,华北,2022-04-06
638,37,分析师,财务部,实习生,华中,2023-03-29
639,37,操作员,财务部,实习生,华中,2026-05-21
640,38,工程师,财务部,全职,西北,2023-10-19
641,41,项目经理,财务部,实习生,西南,2025-01-01
642,80,项目经理,维修部,实习生,华南,2026-04-05
643,26,经理,安全部,临时工,华南,2024-08-16
644,72,安全主管,物流部,合同工,华南,2026-04-12
645,75,主管,工程部,临时工,华中,2026-04-26
646,19,技术员,安全部,实习生,华东,2026-09-04
647,28,总监,安全部,合同工,华南,2023-06-03
648,25,技术员,工程部,实习生,华东,2022-07-18
649,2,主管,维修部,临时工,华东,2022-10-05
650,83,顾问,研发部,实习生,华南,2023-03-18
651,86,项目经理,市场部,实习生,西南,2024-01-14
652,73,主管,生产部,实习生,东北,2023-05-06
653,1,顾问,人事部,全职,华中,2025-07-06
654,24,专员,市场部,兼职,西北,2025-03-22
655,51,安全主管,财务部,合同工,华北,2023-07-21
656,60,总监,财务部,全职,西北,2025-05-11
657,77,安全主管,研发部,合同工,华南,2024-03-23
658,22,经理,研发部,实习生,华东,2023-10-31
659,91,分析师,市场部,全职,华北,2021-11-28
660,41,助理,生产部,兼职,西南,2026-07-14
661,55,安全主管,市场部,临时工,东北,2021-11-26
662,73,安全主管,安全部,全职,东北,2024-10-28
663,27,总监,运营部,合同工,华东,2025-08-11
664,87,安全主管,工程部,实习生,华东,2025-05-28
665,40,分析师,运营部,实习生,西北,2026-05-21
666,45,安全主管,研发部,实习生,东北,2026-02-23
667,32,工程师,人事部,兼职,华中,2022-02-12
668,44,安全主管,生产部,合同工,西北,2023-08-30
669,47,分析师,工程部,全职,华东,2026-07-08
670,2,安全主管,安全部,合同工,华东,2022-11-03
671,81,分析师,运营部,合同工,华东,2022-12-15
672,53,工程师,维修部,实习生,华东,2024-04-14
673,40,项目经理,生产部,临时工,西北,2026-05-10
674,75,分析师,财务部,全职,华中,2025-03-29
675,9,总监,人事部,实习生,西北,2025-05-16
676,60,分析师,工程部,兼职,西北,2023-04-22
677,69,项目经理,运营部,临时工,华南,2024-11-07
678,83,技术员,生产部,全职,华南,2023-10-26
679,32,顾问,人事部,合同工,华中,2021-12-05
680,43,经理,维修部,全职,华东,2021-12-08
681,65,分析师,安全部,临时工,华东,2022-01-08
682,60,工程师,安全部,实习生,西北,2026-08-24
683,70,总监,市场部,合同工,西南,2025-09-23
684,92,助理,生产部,合同工,西北,2024-04-20
685,46,安全主管,安全部,临时工,华北,2023-02-09
686,66,工程师,物流部,临时工,华南,2024-03-23
687,9,操作员,工程部,兼职,西北,2025-05-21
688,56,技术员,运营部,全职,华北,2026-04-09
689,26,操作员,工程部,合同工,华南,2021-12-04
690,78,操作员,维修部,兼职,东北,2024-07-21
691,80,操作员,维修部,实习生,华南,2022-01-26
692,29,顾问,财务部,全职,华南,2025-08-19
693,65,顾问,运营部,临时工,华东,2021-12-03
694,15,经理,物流部,临时工,华中,2022-04-05
695,35,助理,运营部,兼职,西北,2025-04-14
696,73,工程师,运营部,临时工,东北,2023-05-26
697,35,顾问,财务部,全职,西北,2023-04-22
698,60,主管,工程部,兼职,西北,2021-12-23
699,27,分析师,研发部,全职,华东,2025-07-30
700,92,工程师,市场部,兼职,西北,2025-08-26
701,82,顾问,安全部,兼职,华东,2022-04-19
702,22,分析师,生产部,全职,华东,2024-04-03
703,62,项目经理,运营部,实习生,华南,2025-12-05
704,63,总监,安全部,实习生,华南,2023-08-14
705,30,专员,生产部,合同工,华北,2025-02-08
706,7,助理,生产部,合同工,华南,2026-06-05
707,73,总监,工程部,合同工,东北,2025-08-25
708,87,项目经理,维修部,全职,华东,2025-01-10
709,83,主管,物流部,兼职,华南,2022-07-18
710,12,安全主管,人事部,兼职,华北,2021-10-14
711,87,操作员,财务部,全职,华东,2025-08-04
712,6,总监,人事部,兼职,西北,2026-08-26
713,28,助理,人事部,临时工,华南,2026-05-01
714,59,工程师,市场部,临时工,西北,2024-06-27
715,44,安全主管,财务部,全职,西北,2024-12-19
716,18,主管,安全部,合同工,华东,2023-11-22
717,58,总监,生产部,合同工,华东,2026-02-01
718,72,技术员,人事部,实习生,华南,2026-03-27
719,81,经理,物流部,合同工,华东,2023-04-02
720,47,项目经理,工程部,实习生,华东,2025-08-28
721,87,助理,安全部,全职,华东,2024-07-14
722,46,总监,人事部,全职,华北,2025-08-12
723,59,操作员,生产部,临时工,西北,2024-11-28
724,46,专员,财务部,实习生,华北,2024-02-25
725,18,安全主管,财务部,合同工,华东,2025-06-04
726,10,顾问,安全部,兼职,华东,2023-09-20
727,45,顾问,维修部,临时工,东北,2026-05-26
728,93,工程师,生产部,实习生,西北,2023-11-27
729,38,助理,物流部,兼职,西北,2025-05-22
730,45,安全主管,人事部,实习生,东北,2025-10-16
731,55,经理,人事部,全职,东北,2024-03-09
732,27,安全主管,财务部,临时工,华东,2025-12-07
733,90,经理,市场部,临时工,华南,2024-04-27
734,51,主管,财务部,实习生,华北,2023-01-02
735,87,助理,维修部,实习生,华东,2025-01-02
736,53,工程师,财务部,兼职,华东,2022-02-06
737,10,安全主管,财务部,实习生,华东,2025-04-26
738,19,主管,研发部,兼职,华东,2026-01-07
739,41,项目经理,财务部,全职,西南,2022-02-02
740,93,经理,维修部,兼职,西北,2026-07-13
741,50,分析师,财务部,临时工,华东,2026-06-11
742,11,操作员,人事部,全职,华东,2025-11-21
743,55,安全主管,市场部,合同工,东北,2024-01-12
744,20,技术员,生产部,全职,东北,2024-10-16
745,23,项目经理,财务部,兼职,东北,2024-01-26
746,95,专员,财务部,合同工,华东,2023-02-26
747,81,工程师,运营部,临时工,华东,2022-06-07
748,10,分析师,维修部,全职,华东,2022-11-23
749,35,技术员,工程部,兼职,西北,2025-05-11
750,17,操作员,市场部,实习生,华北,2023-02-01
751,16,项目经理,研发部,兼职,华南,2021-12-14
752,41,操作员,人事部,合同工,西南,2025-06-16
753,33,项目经理,财务部,实习生,华东,2025-01-27
754,48,顾问,维修部,合同工,华南,2023-02-02
755,99,总监,研发部,兼职,华中,2025-03-03
756,24,项目经理,研发部,全职,西北,2025-02-17
757,95,分析师,生产部,实习生,华东,2024-02-22
758,31,专员,物流部,临时工,华北,2022-01-01
759,53,专员,安全部,临时工,华东,2024-05-29
760,60,顾问,物流部,兼职,西北,2024-10-22
761,76,总监,维修部,合同工,西南,2025-01-31
762,65,顾问,生产部,兼职,华东,2021-10-31
763,60,经理,人事部,合同工,西北,2025-03-24
764,25,安全主管,研发部,合同工,华东,2022-12-24
765,21,项目经理,安全部,兼职,华东,2021-10-08
766,39,工程师,人事部,兼职,华中,2025-03-27
767,87,顾问,物流部,合同工,华东,2021-11-20
768,2,分析师,安全部,实习生,华东,2024-07-09
769,34,技术员,工程部,合同工,华中,2024-10-29
770,77,顾问,研发部,合同工,华南,2026-04-10
771,84,助理,安全部,实习生,华北,2026-06-20
772,40,专员,安全部,实习生,西北,2024-08-19
773,29,专员,市场部,临时工,华南,2026-07-28
774,6,顾问,工程部,实习生,西北,2022-04-07
775,90,安全主管,物流部,全职,华南,2024-07-16
776,45,专员,市场部,合同工,东北,2024-11-16
777,84,顾问,研发部,合同工,华北,2024-04-21
778,76,安全主管,市场部,全职,西南,2023-05-07
779,18,项目经理,财务部,临时工,华东,2022-01-23
780,6,操作员,维修部,兼职,西北,2021-09-29
781,94,安全主管,财务部,全职,西北,2021-12-01
782,63,总监,生产部,临时工,华南,2025-10-09
783,100,主管,工程部,合同工,东北,2025-01-06
784,54,专员,人事部,全职,华东,2023-03-28
785,1,工程师,研发部,实习生,华中,2025-02-11
786,84,安全主管,工程部,兼职,华北,2024-10-23
787,68,顾问,维修部,兼职,华南,2021-09-17
788,52,操作员,物流部,兼职,华东,2026-01-29
789,10,顾问,物流部,临时工,华东,2022-06-13
790,60,分析师,研发部,临时工,西北,2022-06-25
791,91,总监,工程部,兼职,华北,2025-02-27
792,90,安全主管,物流部,临时工,华南,2025-08-20
793,6,安全主管,生产部,实习生,西北,2021-09-13
794,24,专员,运营部,兼职,西北,2022-11-17
795,96,总监,维修部,兼职,华南,2024-08-31
796,20,总监,市场部,实习生,东北,2025-05-17
797,83,项目经理,市场部,兼职,华南,2026-04-05
798,44,顾问,物流部,全职,西北,2025-01-09
799,91,总监,运营部,合同工,华北,2024-11-01
800,84,工程师,维修部,兼职,华北,2025-10-13
801,71,专员,人事部,兼职,西南,2025-09-28
802,74,经理,研发部,合同工,华北,2024-09-23
803,95,技术员,研发部,全职,华东,2021-11-17
804,13,安全主管,人事部,全职,华北,2024-11-03
805,99,安全主管,工程部,全职,华中,2023-08-07
806,11,主管,财务部,兼职,华东,2022-05-25
807,94,技术员,生产部,全职,西北,2022-10-11
808,6,工程师,市场部,合同工,西北,2022-01-06
809,72,助理,研发部,合同工,华南,2023-08-12
810,44,总监,维修部,全职,西北,2024-08-01
811,82,工程师,物流部,兼职,华东,2026-08-07
812,30,助理,生产部,合同工,华北,2022-08-06
813,76,助理,安全部,兼职,西南,2024-07-30
814,90,顾问,市场部,合同工,华南,2025-09-03
815,93,分析师,安全部,全职,西北,2025-03-05
816,78,总监,生产部,实习生,东北,2023-12-27
817,44,顾问,生产部,兼职,西北,2024-02-14
818,28,分析师,工程部,全职,华南,2024-02-27
819,80,专员,财务部,兼职,华南,2021-11-13
820,87,主管,运营部,全职,华东,2025-04-13
821,81,主管,市场部,合同工,华东,2024-05-26
822,37,主管,运营部,全职,华中,2022-07-02
823,50,专员,运营部,兼职,华东,2022-10-24
824,41,助理,工程部,实习生,西南,2023-07-04
825,40,顾问,物流部,兼职,西北,2024-02-20
826,46,工程师,运营部,合同工,华北,2023-12-12
827,54,主管,安全部,实习生,华东,2022-06-09
828,75,经理,市场部,实习生,华中,2022-07-05
829,90,技术员,财务部,全职,华南,2022-10-28
830,47,项目经理,安全部,兼职,华东,2024-11-21
831,31,经理,物流部,实习生,华北,2022-09-04
832,86,安全主管,工程部,全职,西南,2026-08-14
833,53,技术员,研发部,临时工,华东,2023-02-07
834,52,助理,工程部,临时工,华东,2025-06-15
835,90,专员,人事部,实习生,华南,2022-05-14
836,33,项目经理,生产部,兼职,华东,2025-12-26
837,41,主管,运营部,临时工,西南,2023-09-19
838,96,工程师,生产部,实习生,华南,2024-03-02
839,19,专员,安全部,临时工,华东,2023-03-02
840,45,分析师,研发部,合同工,东北,2025-01-05
841,2,助理,维修部,兼职,华东,2026-01-22
842,30,专员,市场部,合同工,华北,2023-10-07
843,51,助理,工程部,临时工,华北,2023-12-20
844,24,技术员,运营部,全职,西北,2025-12-11
845,3,工程师,物流部,合同工,西南,2024-02-14
846,19,主管,工程部,合同工,华东,2025-10-01
847,42,助理,研发部,实习生,华东,2025-02-17
848,75,经理,运营部,合同工,华中,2021-09-20
849,96,安全主管,物流部,临时工,华南,2021-11-26
850,50,工程师,生产部,兼职,华东,2021-12-29
851,27,主管,研发部,全职,华东,2026-01-17
852,8,技术员,财务部,合同工,西北,2022-07-27
853,22,助理,物流部,合同工,华东,2022-02-15
854,1,经理,市场部,兼职,华中,2025-06-27
855,80,专员,研发部,实习生,华南,2022-04-18
856,50,操作员,安全部,实习生,华东,2024-08-29
857,9,工程师,市场部,临时工,西北,2026-04-26
858,51,分析师,财务部,全职,华北,2025-03-29
859,13,总监,工程部,全职,华北,2022-04-17
860,88,安全主管,研发部,实习生,华东,2025-09-04
861,1,分析师,物流部,实习生,华中,2025-06-21
862,53,专员,人事部,临时工,华东,2025-10-13
863,45,专员,市场部,临时工,东北,2026-02-17
864,29,助理,生产部,兼职,华南,2025-03-24
865,96,主管,运营部,合同工,华南,2022-06-02
866,40,助理,维修部,临时工,西北,2023-04-26
867,62,主管,生产部,实习生,华南,2025-06-26
868,58,分析师,工程部,全职,华东,2021-09-14
869,14,项目经理,维修部,合同工,华北,2024-05-21
870,62,技术员,人事部,全职,华南,2025-12-10
871,67,安全主管,人事部,全职,东北,2025-03-31
872,39,总监,研发部,全职,华中,2023-02-06
873,25,项目经理,财务部,实习生,华东,2022-08-14
874,5,安全主管,财务部,兼职,西北,2025-06-02
875,98,经理,财务部,合同工,华北,2024-09-17
876,42,助理,生产部,合同工,华东,2023-12-17
877,7,助理,市场部,实习生,华南,2024-08-29
878,7,总监,运营部,临时工,华南,2024-11-04
879,79,助理,研发部,临时工,华北,2022-04-24
880,22,顾问,财务部,合同工,华东,2023-08-18
881,24,操作员,维修部,实习生,西北,2026-04-07
882,73,主管,运营部,兼职,东北,2022-06-15
883,76,助理,市场部,合同工,西南,2023-09-24
884,96,总监,安全部,临时工,华南,2023-04-11
885,45,助理,运营部,实习生,东北,2023-01-01
886,60,专员,财务部,实习生,西北,2022-12-25
887,99,总监,工程部,实习生,华中,2022-12-06
888,21,主管,维修部,实习生,华东,2021-12-09
889,75,顾问,维修部,临时工,华中,2022-02-06
890,3,工程师,运营部,合同工,西南,2023-04-24
891,36,工程师,生产部,兼职,东北,2021-12-24
892,30,技术员,财务部,全职,华北,2022-08-24
893,39,顾问,研发部,临时工,华中,2024-03-05
894,54,项目经理,工程部,实习生,华东,2024-08-04
895,14,助理,运营部,实习生,华北,2026-08-09
896,69,顾问,人事部,临时工,华南,2024-02-02
897,28,安全主管,财务部,实习生,华南,2022-01-25
898,47,顾问,物流部,兼职,华东,2025-08-30
899,97,总监,财务部,实习生,西南,2022-01-05
900,21,助理,维修部,实习生,华东,2022-12-03
901,47,总监,安全部,兼职,华东,2022-09-13
902,25,技术员,维修部,实习生,华东,2025-07-10
903,71,安全主管,维修部,兼职,西南,2022-05-31
904,70,专员,市场部,全职,西南,2023-02-01
905,48,工程师,财务部,临时工,华南,2025-11-21
906,55,分析师,运营部,实习生,东北,2024-08-05
907,94,安全主管,财务部,合同工,西北,2025-09-18
908,60,经理,研发部,临时工,西北,2021-11-21
909,92,专员,生产部,实习生,西北,2024-08-11
910,10,操作员,市场部,兼职,华东,2022-04-06
911,49,操作员,研发部,临时工,华北,2026-08-15
912,71,分析师,运营部,临时工,西南,2022-02-27
913,82,专员,人事部,临时工,华东,2024-01-29
914,53,工程师,市场部,合同工,华东,2026-04-09
915,88,技术员,运营部,合同工,华东,2024-08-28
916,13,分析师,维修部,兼职,华北,2023-01-16
917,7,专员,运营部,合同工,华南,2026-03-15
918,43,主管,研发部,全职,华东,2026-08-05
919,40,总监,人事部,兼职,西北,2025-07-07
920,8,总监,维修部,兼职,西北,2022-09-04
921,92,专员,研发部,兼职,西北,2021-11-17
922,63,顾问,维修部,实习生,华南,2024-05-08
923,47,技术员,维修部,临时工,华东,2022-02-14
924,90,项目经理,市场部,全职,华南,2023-03-23
925,68,项目经理,工程部,实习生,华南,2026-04-13
926,75,安全主管,生产部,合同工,华中,2025-05-26
927,2,工程师,市场部,全职,华东,2023-04-15
928,67,操作员,人事部,临时工,东北,2025-03-27
929,29,技术员,安全部,实习生,华南,2024-03-25
930,77,操作员,运营部,合同工,华南,2021-09-27
931,20,助理,财务部,兼职,东北,2024-01-06
932,56,经理,物流部,全职,华北,2021-09-12
933,71,助理,维修部,合同工,西南,2021-12-31
934,90,专员,运营部,临时工,华南,2022-03-12
935,65,主管,研发部,合同工,华东,2023-10-20
936,21,操作员,工程部,兼职,华东,2025-03-24
937,68,专员,安全部,全职,华南,2023-08-30
938,6,总监,生产部,合同工,西北,2023-10-08
939,56,技术员,维修部,兼职,华北,2023-01-19
940,25,技术员,市场部,全职,华东,2022-12-03
941,75,专员,生产部,兼职,华中,2025-03-13
942,37,专员,财务部,实习生,华中,2025-10-21
943,75,项目经理,维修部,临时工,华中,2024-03-10
944,47,经理,市场部,合同工,华东,2023-01-27
945,19,经理,财务部,兼职,华东,2024-04-06
946,3,助理,维修部,实习生,西南,2023-12-09
947,73,技术员,工程部,临时工,东北,2021-10-19
948,84,分析师,人事部,兼职,华北,2023-10-23
949,69,操作员,研发部,实习生,华南,2025-05-01
950,51,项目经理,物流部,全职,华北,2024-12-09
951,64,顾问,物流部,合同工,西北,2024-09-02
952,30,总监,研发部,实习生,华北,2023-01-12
953,90,安全主管,研发部,合同工,华南,2026-06-24
954,22,助理,研发部,合同工,华东,2026-08-07
955,23,工程师,生产部,临时工,东北,2024-04-29
956,62,顾问,物流部,兼职,华南,2022-05-11
957,33,总监,安全部,合同工,华东,2025-12-27
958,40,总监,维修部,合同工,西北,2022-04-08
959,92,工程师,生产部,临时工,西北,2025-11-28
960,75,项目经理,物流部,实习生,华中,2022-01-06
961,36,经理,运营部,兼职,东北,2024-03-08
962,68,项目经理,财务部,全职,华南,2024-12-07
963,6,经理,人事部,合同工,西北,2026-06-15
964,7,助理,市场部,实习生,华南,2024-07-03
965,12,总监,运营部,实习生,华北,2026-05-08
966,69,操作员,财务部,实习生,华南,2023-08-22
967,13,经理,人事部,合同工,华北,2022-03-13
968,23,项目经理,人事部,实习生,东北,2024-08-19
969,84,总监,安全部,实习生,华北,2023-03-28
970,45,安全主管,研发部,全职,东北,2024-04-17
971,64,经理,市场部,实习生,西北,2026-04-21
972,100,项目经理,人事部,实习生,东北,2023-07-01
973,40,工程师,维修部,合同工,西北,2023-11-03
974,1,助理,市场部,兼职,华中,2025-03-09
975,82,专员,安全部,全职,华东,2022-03-01
976,40,操作员,市场部,兼职,西北,2024-03-03
977,82,工程师,维修部,合同工,华东,2024-06-26
978,66,顾问,市场部,临时工,华南,2023-11-15
979,53,项目经理,物流部,临时工,华东,2025-03-25
980,52,安全主管,工程部,合同工,华东,2025-06-04
981,79,经理,安全部,兼职,华北,2026-02-23
982,76,分析师,维修部,全职,西南,2025-07-11
983,36,工程师,安全部,合同工,东北,2026-02-14
984,49,主管,研发部,临时工,华北,2022-11-26
985,35,专员,物流部,实习生,西北,2024-02-20
986,49,安全主管,生产部,合同工,华北,2024-07-30
987,71,工程师,生产部,实习生,西南,2024-07-08
988,43,安全主管,安全部,兼职,华东,2025-08-07
989,57,分析师,维修部,实习生,东北,2025-09-07
990,41,总监,安全部,合同工,西南,2025-06-24
991,96,技术员,财务部,合同工,华南,2026-07-19
992,53,工程师,安全部,实习生,华东,2026-01-15
993,13,顾问,生产部,兼职,华北,2023-05-13
994,78,操作员,运营部,临时工,东北,2023-11-30
995,3,安全主管,人事部,兼职,西南,2021-09-11
996,40,顾问,人事部,实习生,西北,2025-05-29
997,73,助理,财务部,合同工,东北,2023-10-07
998,55,经理,维修部,实习生,东北,2024-08-31
999,32,操作员,研发部,兼职,华中,2023-03-18
1000,24,总监,生产部,兼职,西北,2024-10-21
