organisation_id,organisation_name,industry,employee_count,region,created_date
1,恩悌信息有限公司,信息技术,93,华中,2020-06-08
2,昊嘉传媒有限公司,零售业,3028,华东,2025-01-26
3,联软信息有限公司,零售业,4646,西南,2018-02-21
4,东方峻景网络有限公司,医疗健康,3066,华北,2021-09-29
5,合联电子传媒有限公司,信息技术,2148,西北,2019-11-18
6,思优网络有限公司,矿业,1438,西北,2021-12-14
7,数字100信息有限公司,教育,1540,华南,2023-02-27
8,鑫博腾飞传媒有限公司,农业,757,西北,2016-11-24
9,四通网络有限公司,农业,3386,西北,2016-09-19
10,天益网络有限公司,教育,1374,华东,2019-04-07
11,合联电子信息有限公司,物流运输,647,华东,2023-04-26
12,菊风公司传媒有限公司,餐饮业,2648,华北,2023-12-14
13,良诺传媒有限公司,金融保险,2791,华北,2018-08-20
14,济南亿次元网络有限公司,教育,3413,华北,2021-05-08
15,时空盒数字网络有限公司,制造业,1351,华中,2019-05-26
16,易动力传媒有限公司,能源,1475,华南,2019-11-01
17,创联世纪传媒有限公司,建筑业,3405,华北,2019-08-08
18,和泰信息有限公司,矿业,4745,华东,2017-05-24
19,国讯科技有限公司,农业,3082,华东,2018-08-16
20,维旺明传媒有限公司,教育,4892,东北,2016-10-23
21,联通时科科技有限公司,餐饮业,339,华东,2024-12-27
22,浦华众城网络有限公司,建筑业,4099,华东,2021-09-11
23,时刻网络有限公司,农业,4557,东北,2024-09-19
24,时空盒数字科技有限公司,医疗健康,2121,西北,2018-02-27
25,思优科技有限公司,信息技术,4255,华东,2021-05-12
26,诺依曼软件科技有限公司,制造业,1354,华南,2022-08-09
27,凌云传媒有限公司,制造业,1241,华东,2019-01-24
28,盟新科技有限公司,餐饮业,4426,华南,2020-06-08
29,浙大万朋网络有限公司,医疗健康,3172,华南,2020-01-16
30,昂歌信息传媒有限公司,制造业,414,华北,2018-04-16
31,通际名联传媒有限公司,农业,3656,华北,2019-08-12
32,创汇网络有限公司,信息技术,1480,华中,2023-05-19
33,惠派国际公司科技有限公司,制造业,3022,华东,2019-08-29
34,济南亿次元信息有限公司,矿业,4208,华中,2019-01-10
35,趋势科技有限公司,建筑业,3948,西北,2023-11-18
36,快讯传媒有限公司,制造业,123,东北,2018-02-03
37,雨林木风计算机传媒有限公司,金融保险,2678,华中,2022-11-10
38,浦华众城传媒有限公司,能源,3457,西北,2022-03-07
39,鑫博腾飞网络有限公司,物流运输,2994,华中,2017-02-20
40,趋势科技有限公司,矿业,987,西北,2019-10-17
41,浙大万朋传媒有限公司,医疗健康,665,西南,2016-12-17
42,易动力信息有限公司,医疗健康,2758,华东,2018-04-28
43,泰麒麟信息有限公司,物流运输,1349,华东,2023-03-20
44,万迅电脑网络有限公司,零售业,1239,西北,2020-01-01
45,雨林木风计算机网络有限公司,建筑业,4266,东北,2018-02-17
46,和泰网络有限公司,制造业,1210,华北,2019-09-07
47,数字100传媒有限公司,矿业,4073,华东,2017-09-16
48,开发区世创科技有限公司,能源,795,华南,2019-07-24
49,天开信息有限公司,教育,3337,华北,2021-01-18
50,戴硕电子科技有限公司,金融保险,3423,华东,2018-02-10
51,精芯传媒有限公司,物流运输,1519,华北,2017-07-13
52,群英网络有限公司,餐饮业,2717,华东,2025-07-06
53,富罳网络有限公司,信息技术,1466,华东,2021-12-25
54,鑫博腾飞信息有限公司,能源,4255,华东,2020-10-20
55,立信电子科技有限公司,信息技术,4214,东北,2022-08-25
56,济南亿次元信息有限公司,信息技术,2672,华北,2019-07-24
57,惠派国际公司传媒有限公司,建筑业,3782,东北,2019-07-04
58,昊嘉科技有限公司,物流运输,4689,华东,2021-10-10
59,晖来计算机网络有限公司,农业,1116,西北,2021-01-23
60,雨林木风计算机网络有限公司,物流运输,2715,西北,2016-12-26
61,浦华众城传媒有限公司,零售业,1036,西北,2021-05-30
62,创亿信息有限公司,教育,494,华南,2017-03-20
63,新宇龙信息网络有限公司,信息技术,370,华南,2023-05-24
64,盟新网络有限公司,教育,4400,西北,2025-09-05
65,易动力传媒有限公司,建筑业,566,华东,2021-09-01
66,商软冠联科技有限公司,餐饮业,299,华南,2024-04-30
67,艾提科信科技有限公司,农业,3647,东北,2023-09-29
68,华远软件信息有限公司,餐饮业,3301,华南,2017-07-15
69,南康传媒有限公司,金融保险,2175,华南,2018-09-18
70,迪摩科技有限公司,农业,4044,西南,2021-09-29
71,开发区世创传媒有限公司,制造业,2181,西南,2021-05-08
72,万迅电脑传媒有限公司,制造业,1809,华南,2021-02-15
73,七喜信息有限公司,医疗健康,26,东北,2017-09-07
74,飞海科技网络有限公司,矿业,691,华北,2020-07-04
75,天开网络有限公司,建筑业,4945,华中,2023-03-31
76,鑫博腾飞传媒有限公司,物流运输,3261,西南,2022-05-07
77,趋势信息有限公司,医疗健康,2243,华南,2024-10-09
78,联通时科网络有限公司,物流运输,2468,东北,2016-12-09
79,时刻科技有限公司,餐饮业,3190,华北,2025-02-10
80,良诺科技有限公司,能源,2474,华南,2024-12-19
81,网新恒天网络有限公司,制造业,3444,华东,2016-11-01
82,太极信息有限公司,医疗健康,680,华东,2017-11-04
83,浙大万朋传媒有限公司,零售业,1912,华南,2016-12-12
84,鸿睿思博信息有限公司,信息技术,1655,华北,2023-10-21
85,国讯传媒有限公司,医疗健康,941,西北,2021-03-16
86,方正科技科技有限公司,制造业,2803,西南,2024-12-08
87,毕博诚信息有限公司,餐饮业,344,华东,2023-01-07
88,国讯科技有限公司,建筑业,3980,华东,2024-09-04
89,联软网络有限公司,能源,1699,华南,2025-07-08
90,银嘉网络有限公司,能源,4371,华南,2025-08-07
91,易动力信息有限公司,医疗健康,2337,华北,2022-04-30
92,易动力信息有限公司,建筑业,779,西北,2024-11-27
93,联软科技有限公司,物流运输,4511,西北,2019-08-04
94,鑫博腾飞信息有限公司,矿业,3369,西北,2019-11-16
95,创汇信息有限公司,制造业,4269,华东,2022-09-23
96,精芯网络有限公司,能源,4365,华南,2024-06-17
97,巨奥信息有限公司,能源,1351,西南,2021-03-05
98,创亿信息有限公司,信息技术,3611,华北,2018-10-06
99,万迅电脑信息有限公司,餐饮业,234,华中,2021-02-09
100,盟新科技有限公司,信息技术,2906,东北,2024-11-30
